path,family,size_bytes,sha256,modified_time
CRT-packages/metapollo-alpha-full-fix.tar.gz,kitty-crt-package,9771,7113e0be867947d4e1fbba3a694e9d21058909491156ad71f48d9e6c6c98bae7,2026-09-21T17:20:45
CRT-packages/metapollo-alpha-state-debug.tar.gz,kitty-crt-package,1871,39e84eb9e35d2ad46326ae6bc8138107e699017bb6da96d527fc394063e26c3f,2026-09-21T16:45:08
CRT-packages/metapollo-attached-handoff-test.tar.gz,kitty-crt-package,1192,972de4280f17f48938536796d0564322baffcd81c26486641172285721a09cad,2026-09-21T15:31:57
CRT-packages/metapollo-direct-event-test.tar.gz,kitty-crt-package,797,cd8d6f96522e21f68a5222316d78305b60feb6b635888baa46c35e70ef9a4ff3,2026-09-21T14:50:40
CRT-packages/metapollo-glass-glare.tar.gz,kitty-crt-package,4344,a7c98d9efc98dbf56062561b7a7ab4303c179370d0f9b5797639cfef9f83c9b1,2026-09-21T20:24:12
CRT-packages/metapollo-glass-tune.tar.gz,kitty-crt-package,2509,4894905c2642a9b14118a420ff322c6d86b915909079bff2a5839a65dbda18d9,2026-09-21T20:10:13
CRT-packages/metapollo-living-glare-variation-1.tar.gz,kitty-crt-package,12583,4f56eef55857b70b4eb084de981ec810a3cbe77d0ef56545cfbfa970136cc0c9,2026-09-22T08:31:11
CRT-packages/metapollo-living-glare.tar.gz,kitty-crt-package,4944,3a7f579d3746614df3ba7254343577194334d90060c9ae2a742bfed06f53617f,2026-09-21T21:00:44
CRT-packages/metapollo-nosignal-variants-v1.tar.gz,kitty-crt-package,14656,bf4f70a314a6f0232eb6b78bcea4241b8cc98c02d25f253860d3b6b305784dfe,2026-09-22T12:32:32
CRT-packages/metapollo-nosignal-variants-v2.tar.gz,kitty-crt-package,14528,3924897a6ff01f78aa1b3c3d04428c139d2dcbff88cd3ed2f43e97d280aff585,2026-09-22T18:30:16
CRT-packages/metapollo-optimized-old-look.tar.gz,kitty-crt-package,10296,00550491dd582fba8c989b6b2676feddf8772f15df484a84ee1220c130b9abb1,2026-09-20T11:57:35
CRT-packages/metapollo-pass-merge-1.tar.gz,kitty-crt-package,5818,7e36159d607145a4c69bfde89e337fb1636c312e5318dc5f12bb8da236256883,2026-09-21T21:26:26
CRT-packages/metapollo-pass-merge-2.tar.gz,kitty-crt-package,3733,74d6c67739e759ef9a227d2ba35788993e2a408080947d99f576628fbc5bdac4,2026-09-21T21:45:37
CRT-packages/metapollo-pass-merge-3 (1).tar.gz,kitty-crt-package,3710,87fb4808f1b05f9216d0c3fc384772bdf9f6971efee962338dcfb584028187e4,2026-09-21T22:32:00
CRT-packages/metapollo-pass-merge-3.tar.gz,kitty-crt-package,3710,87fb4808f1b05f9216d0c3fc384772bdf9f6971efee962338dcfb584028187e4,2026-09-21T22:32:49
CRT-packages/metapollo-persist-direct-test.tar.gz,kitty-crt-package,924,56f1441864b1d12b3b34b865dd7331a1c7d5878cbdfec0e56481b3486a82d6f9,2026-09-21T14:56:55
CRT-packages/metapollo-persist-state-fix.tar.gz,kitty-crt-package,9656,dba660598756403e31b616895a586a1822546e4bd420c5bcaa223787f5e984c2,2026-09-21T15:11:16
CRT-packages/metapollo-pre-fusion-restore.tar.gz,kitty-crt-package,43590,02e487f85bb292b5a1ac650e7ad639feccec41e8e3e229087ed81c753bec7539,2026-09-22T04:16:31
CRT-packages/metapollo-raw-alpha-audit.tar.gz,kitty-crt-package,960,d1571ce8e0c5187d4a4bfaf9646de733f00877f9128b9a6ae720096dad6d0926,2026-09-21T20:46:31
CRT-packages/metapollo-scheduler-cleanup.tar.gz,kitty-crt-package,3667,c6ececbea505d3223191160979e0c38497b1883224992eff36459674b8b4dac2,2026-09-21T21:12:56
CRT-packages/metapollo-signal-diagnostic.tar.gz,kitty-crt-package,10524,0d64ff8da3c0c5f34e1a8adcaf424404a7629bb9379d6de0da78174a01ead06f,2026-09-21T14:13:13
CRT-packages/metapollo-single-controller-fix.tar.gz,kitty-crt-package,9989,5fd40d3709d5df5104ce0e2ee9fb38abe92d811e9d8f436cc42cde3e415149c3,2026-09-21T09:58:14
CRT-packages/metapollo-source-opt-1.tar.gz,kitty-crt-package,9631,065874a9d731f80480b07c0f26949316a3a95dac9091d85efe3d5f723cf3f689,2026-09-22T03:35:39
CRT-packages/metapollo-source-opt-10.tar.gz,kitty-crt-package,14834,437dd0af5056b13aea53358c695800f8d15d8bb84fa3e5d8c9ce2beae3b7adff,2026-09-22T07:15:09
CRT-packages/metapollo-source-opt-11.tar.gz,kitty-crt-package,4711,9c22a4df64035cca516481e865ff1bf08b9f505e69eeb05d85a96f27e2af2947,2026-09-22T07:22:16
CRT-packages/metapollo-source-opt-12.tar.gz,kitty-crt-package,11752,2a01eaef767352d6e9d0ba296bcbcebd7ef619ff975dc0727c9197f501b3eddc,2026-09-22T07:30:32
CRT-packages/metapollo-source-opt-13.tar.gz,kitty-crt-package,16387,76ab8421ecc3a442dfb329f5eca6fd2486fee05e5c9ebf291136c56c64b40ddf,2026-09-22T07:38:15
CRT-packages/metapollo-source-opt-14.tar.gz,kitty-crt-package,11384,1e437083ff7c9b1691fe0f43c4ecd3ed735bc135d8dd1602ce9e257875622d97,2026-09-22T07:52:59
CRT-packages/metapollo-source-opt-15.tar.gz,kitty-crt-package,15283,6788d06138bfd2d506da4bd700e89add7baf05191b13c8c11802f34a911f30da,2026-09-22T10:21:06
CRT-packages/metapollo-source-opt-2.tar.gz,kitty-crt-package,5366,8c879e10db335a31b45a76bfc8c6c620646a464b8df8ab5bec95af448a3a407a,2026-09-22T03:45:04
CRT-packages/metapollo-source-opt-3.tar.gz,kitty-crt-package,15242,6990f357d0fd1cf2cad5dca5c261d76aba5c8fdf32adcabfa83f8f2cfc26ea20,2026-09-22T03:54:36
CRT-packages/metapollo-source-opt-4.tar.gz,kitty-crt-package,8159,cb2ec561460a23f394c9becab7db794d2ef00a6bad70677592f7a7cd2b15c476,2026-09-22T04:03:42
CRT-packages/metapollo-source-opt-5.tar.gz,kitty-crt-package,4912,97cd4397cfa5730426dc1cd7e7908239150d5f7a5003e1a969807b18be46ac59,2026-09-22T04:12:13
CRT-packages/metapollo-source-opt-6.tar.gz,kitty-crt-package,11240,ec1811718dec9dd9187853291f666e08a718115eaf4b004b50dfd4f734913b92,2026-09-22T05:55:34
CRT-packages/metapollo-source-opt-7.tar.gz,kitty-crt-package,13411,f6793363c2877462e045661da268b087bd04847f82e424848d1061100dc39021,2026-09-22T06:00:59
CRT-packages/metapollo-source-opt-8.tar.gz,kitty-crt-package,13413,eba08533cff003ab2eb0b0c63a65f9786b99b0aca5fc8134625f6d6e6b715f3f,2026-09-22T06:56:28
CRT-packages/metapollo-source-opt-9.tar.gz,kitty-crt-package,13445,a087a9567744e360945214b2f9165e56e41f5f429f7c1c74e0326d2f9a9b614a,2026-09-22T07:07:52
CRT-packages/metapollo-state-machine-debug.tar.gz,kitty-crt-package,2387,bf944a4cb0265dedb63653365fb7ccc98af244748a067a36d88b74ed33dd40d1,2026-09-21T16:34:39
CRT-packages/metapollo-state-viewport-opt.tar.gz,kitty-crt-package,3875,96bee638be25b048f1989429ee8d16198b8f1d4879eb46d4a7c963b7f5262c38,2026-09-21T22:02:30
CRT-packages/metapollo-state-viewport-real.tar.gz,kitty-crt-package,3739,8fb4ebcbd39ed098f4c23193b1eb117347aebe1cdba92118132e38174cf30da9,2026-09-21T22:18:31
CRT-packages/metapollo-statepack-fix.tar.gz,kitty-crt-package,9617,6de0c7fd2eb13033680112526ef47c72a770bb16ef83e62fce337bfaadfd5ae1,2026-09-20T13:09:42
CRT-packages/metapollo-stateuv-fix.tar.gz,kitty-crt-package,9397,e91bd8e32fcccdc1178f78f79e5017f9635b748ec98f0b4727c46140763ab578,2026-09-21T16:11:58
CRT-packages/metapollo-transparency-audit.tar.gz,kitty-crt-package,3318,a2ba0ad15e5de7cde759d7b445cb44bb63e7040b466fba2e46cedd9b9b812ee0,2026-09-21T20:30:06
CRT-packages/metapollo-user-idle-fix.tar.gz,kitty-crt-package,9701,aaac8ddada8866042bfa915dab18bab22f64ce137d3a5456fdec3a75e8a9655a,2026-09-20T12:56:25
CRT-snapshots/metapollo-alpha-full-fix/.config/kitty/shaders/metapollo-crt.pipeline,kitty-crt,10055,3400b01bad37fa3668812e17de312aff651cb61392c26f526bab97504917464e,2026-09-21T16:50:38
CRT-snapshots/metapollo-alpha-full-fix/.config/kitty/shaders/metapollo-signal-copy-a.slang,kitty-crt,329,c0f8a39f750a708ec3306b5bb900bd1be2d175e7fa04bad364132b1b0e92da04,2026-09-21T16:50:38
CRT-snapshots/metapollo-alpha-full-fix/.config/kitty/shaders/metapollo-signal-event-state.slang,kitty-crt,4317,d11f1ed0f3c38b12f478deb53b74ad643073c006d8f2ae701537d5e6c8cf88d4,2026-09-21T16:50:38
CRT-snapshots/metapollo-alpha-full-fix/.config/kitty/shaders/metapollo-signal.slang,kitty-crt,37762,5d018e2abb48a0abeeb3d1b9478c95efb2a5a84225cd55023f1246588c1d5b7d,2026-09-21T16:50:38
CRT-snapshots/metapollo-alpha-state-debug/.config/kitty/shaders/metapollo-alpha-copy.slang,kitty-crt,189,b2f055ce8694eaca8c9912b3ced5b2655116eb2ad7f0394b57000e90a5072ec5,2026-09-21T16:39:34
CRT-snapshots/metapollo-alpha-state-debug/.config/kitty/shaders/metapollo-alpha-debug-show.slang,kitty-crt,1221,bb93c934415f3c8cd6f51909cc1b943c16d1fe2ed9dd18c86e6ae6c9be5f24d6,2026-09-21T16:39:34
CRT-snapshots/metapollo-alpha-state-debug/.config/kitty/shaders/metapollo-alpha-state.slang,kitty-crt,2388,5a996f16438a516468d3a46a78e78f128f27b6951212b01dfd2eb2173c498a02,2026-09-21T16:39:34
CRT-snapshots/metapollo-alpha-state-debug/.config/kitty/shaders/metapollo-crt.pipeline,kitty-crt,1412,e1822f30aa0dec6c8e20d24cf69e1c133609a3834c7484e89c56435a43420cdb,2026-09-21T16:39:34
CRT-snapshots/metapollo-attached-handoff-test/.config/kitty/shaders/metapollo-crt.pipeline,kitty-crt,1583,471c5623f4f8135863559e9ec46759973d5a2307294c8fed1b82c1c4f79e96eb,2026-09-21T15:17:17
CRT-snapshots/metapollo-attached-handoff-test/.config/kitty/shaders/metapollo-handoff-copy.slang,kitty-crt,188,29d03b0630c67dd24cfaead0915fd02aaf447b352e86fd37f1480ef19de6fd63,2026-09-21T15:17:17
CRT-snapshots/metapollo-attached-handoff-test/.config/kitty/shaders/metapollo-handoff-event.slang,kitty-crt,499,777db2c01f2eb77538dd4cb3324edea425f13d48be0ab41f5f8b16136befcde6,2026-09-21T15:17:17
CRT-snapshots/metapollo-attached-handoff-test/.config/kitty/shaders/metapollo-handoff-show.slang,kitty-crt,194,78b64b31fede2a3f8c9b7c26cda02e5826c62933496db01d7416f626fcbde7d1,2026-09-21T15:17:17
CRT-snapshots/metapollo-direct-event-test/.config/kitty/shaders/metapollo-crt.pipeline,kitty-crt,719,3175a83ecf3840bb3a614d3d9e8da996b8f79b63ed9df7a3781ece235dc09f7f,2026-09-21T14:41:54
CRT-snapshots/metapollo-direct-event-test/.config/kitty/shaders/metapollo-event-direct.slang,kitty-crt,561,a2e948bce978f27e0aa40183ace8be2a7203501df8d2362b36336bef8a56794d,2026-09-21T14:41:54
CRT-snapshots/metapollo-glass-glare/.config/kitty/shaders/metapollo-crt.pipeline,kitty-crt,10486,849e08f2d00885ff87805a35cbb284f33f350a08878ab94f68de639c4993f6fe,2026-09-21T20:17:52
CRT-snapshots/metapollo-glass-glare/.config/kitty/shaders/metapollo-reflection.slang,kitty-crt,5722,3752ab8e6086a39cbc9ca329e18aa1b24c3d9c62be8cdca9a3446ab2db05a906,2026-09-21T20:17:52
CRT-snapshots/metapollo-glass-tune/.config/kitty/shaders/metapollo-crt.pipeline,kitty-crt,10056,e64fe22899e27482cbc7f2fb98a9b36c3c496101a0849ada87b46ce4e1929587,2026-09-21T17:53:41
CRT-snapshots/metapollo-living-glare/.config/kitty/shaders/metapollo-crt.pipeline,kitty-crt,10956,b4e81ff5b4c00c462a5960f086cd68c17b4b430b67646a7b410c64d2e289f323,2026-09-21T20:55:36
CRT-snapshots/metapollo-living-glare/.config/kitty/shaders/metapollo-reflection.slang,kitty-crt,8718,b3071857efc222e4f6040f3482b4a6eacfa1d7d7c3cbf85809555ba75632c521,2026-09-21T20:55:36
CRT-snapshots/metapollo-living-glare-variation-1/.config/kitty/shaders/README-LIVING-GLARE-VARIATION-1.txt,kitty-crt,1432,91d78eb0414ec58da5d976e71661bad235af2fbc8df294ab576be8461a4e45a0,2026-09-22T08:09:42
CRT-snapshots/metapollo-living-glare-variation-1/.config/kitty/shaders/metapollo-hum-signal-reflection.slang,kitty-crt,61786,bbb116d21c56b4c34f8d5da8c8477d197cbc8ef57876c243fe241b3aa8dbb6c0,2026-09-22T08:09:42
CRT-snapshots/metapollo-nosignal-variants-v1/.config/kitty/shaders/README-NOSIGNAL-VARIANTS-V1.txt,kitty-crt,1931,0ed162afc56177a967f248b0757fc9f88c942fee3268a898c8ea263e4c89a87e,2026-09-22T12:26:58
CRT-snapshots/metapollo-nosignal-variants-v1/.config/kitty/shaders/metapollo-hum-signal-reflection.slang,kitty-crt,72853,e54b89b8cb3e16e9a9e288ec7b568615848eaef0b24e0f5b1c94e154f35392f8,2026-09-22T12:26:58
CRT-snapshots/metapollo-nosignal-variants-v2/.config/kitty/shaders/README-NOSIGNAL-VARIANTS-V2.txt,kitty-crt,927,8c500ce0a0db5d5d06dc4b75eea56bc878ed57f9f83ca3c77269a64a06c2f5d0,2026-09-22T12:43:56
CRT-snapshots/metapollo-nosignal-variants-v2/.config/kitty/shaders/metapollo-hum-signal-reflection.slang,kitty-crt,73954,17cbdb437777dc3bd7525ee45e481f71e087cf285147d431c71ba89f0f02124d,2026-09-22T12:43:56
CRT-snapshots/metapollo-optimized-old-look/.config/kitty/shaders/metapollo-crt.pipeline,kitty-crt,9701,47e2b053bd60b0fd68a409ed0fb5fd439e55e5d51fa24fd2a9270e4f0d0583ef,2026-09-20T11:56:42
CRT-snapshots/metapollo-optimized-old-look/.config/kitty/shaders/metapollo-signal-copy.slang,kitty-crt,629,32f5fa251be889f6a420dfa9f8ca488b4826428c7babb9ca923361a5627e01fa,2026-09-20T11:56:42
CRT-snapshots/metapollo-optimized-old-look/.config/kitty/shaders/metapollo-signal-state.slang,kitty-crt,7147,a4a990500068330003f2e3b621b2001109fedecc33d227c8ac3cfd8e47bcc5ed,2026-09-20T11:56:42
CRT-snapshots/metapollo-optimized-old-look/.config/kitty/shaders/metapollo-signal.slang,kitty-crt,35946,8afd7afccbc967bcfdf390d395db712e57a9197dd0be6a116afc6c0f52740fba,2026-09-20T11:56:42
CRT-snapshots/metapollo-optimized-old-look/README.txt,kitty-crt,995,17b6ad78a96cc5001b28c7e6917d1d2c54053bd50bc80cff541f49a0087e9ba8,2026-09-20T11:56:42
CRT-snapshots/metapollo-pass-merge-1/.config/kitty/shaders/README-PASS-MERGE-1.txt,kitty-crt,1053,dc76a805e1ee71a03eb28aa40a25a0c5aeb384da17c5a2377785bbce227fd52a,2026-09-21T21:26:24
CRT-snapshots/metapollo-pass-merge-1/.config/kitty/shaders/metapollo-crt.pipeline,kitty-crt,11707,661f90c068336b724d3822092612fd5f4c5620fcc34cd67d9284d99aba7f4e3e,2026-09-21T21:26:24
CRT-snapshots/metapollo-pass-merge-1/.config/kitty/shaders/metapollo-reflection.slang,kitty-crt,8718,b3071857efc222e4f6040f3482b4a6eacfa1d7d7c3cbf85809555ba75632c521,2026-09-21T21:26:24
CRT-snapshots/metapollo-pass-merge-2/.config/kitty/shaders/README-PASS-MERGE-2.txt,kitty-crt,771,bf2db991abafa0049abf40e0dac21d17a040269d2131b03f12f11c88319db3af,2026-09-21T21:37:42
CRT-snapshots/metapollo-pass-merge-2/.config/kitty/shaders/metapollo-crt.pipeline,kitty-crt,12096,601a1a74611a4e4aacc0a451424280d659acffe447b68d24f91b5ea0270d9a32,2026-09-21T21:37:42
CRT-snapshots/metapollo-pass-merge-3/.config/kitty/shaders/README-PASS-MERGE-3.txt,kitty-crt,654,7a1134c83a2dae95dd88b622d68b5f8fe1eb18323f11fbed701844fc35791e64,2026-09-21T21:50:15
CRT-snapshots/metapollo-pass-merge-3/.config/kitty/shaders/metapollo-crt.pipeline,kitty-crt,12297,2539cb6127dd5277905f6a7e6f738e6bdd1bdeafe9bfe1b33147547cdbebc124,2026-09-21T21:50:15
CRT-snapshots/metapollo-pass-merge-3 (1)/.config/kitty/shaders/README-PASS-MERGE-3.txt,kitty-crt,654,7a1134c83a2dae95dd88b622d68b5f8fe1eb18323f11fbed701844fc35791e64,2026-09-21T21:50:15
CRT-snapshots/metapollo-pass-merge-3 (1)/.config/kitty/shaders/metapollo-crt.pipeline,kitty-crt,12297,2539cb6127dd5277905f6a7e6f738e6bdd1bdeafe9bfe1b33147547cdbebc124,2026-09-21T21:50:15
CRT-snapshots/metapollo-persist-direct-test/.config/kitty/shaders/metapollo-crt.pipeline,kitty-crt,1216,fb21480e6c63c09a2c07297903571f64d4047ce958875ffafb81b16c34498295,2026-09-21T14:55:47
CRT-snapshots/metapollo-persist-direct-test/.config/kitty/shaders/metapollo-persist-event.slang,kitty-crt,525,cb5ebfcc94de3801b0552a301acc47f43f0eecb8b49b2fb8fc826d382e1d4071,2026-09-21T14:55:47
CRT-snapshots/metapollo-persist-direct-test/.config/kitty/shaders/metapollo-persist-show.slang,kitty-crt,195,1a795e58c1c8936a9ab386e8bb08b98d729849e5d2b8bc638ceec05e6abaf21a,2026-09-21T14:55:47
CRT-snapshots/metapollo-persist-state-fix/.config/kitty/shaders/metapollo-crt.pipeline,kitty-crt,10023,51fa84cf5792200281d4297437a10a9124fb6529f620b8a415415f387420dc47,2026-09-21T15:08:19
CRT-snapshots/metapollo-persist-state-fix/.config/kitty/shaders/metapollo-signal-copy-a.slang,kitty-crt,329,c0f8a39f750a708ec3306b5bb900bd1be2d175e7fa04bad364132b1b0e92da04,2026-09-21T15:08:19
CRT-snapshots/metapollo-persist-state-fix/.config/kitty/shaders/metapollo-signal-event-state.slang,kitty-crt,3725,4b6a4c9a5a88f9ee660703e5d1282aab525a44589f6cae4fb8ceb765eef1f8b5,2026-09-21T15:08:19
CRT-snapshots/metapollo-persist-state-fix/.config/kitty/shaders/metapollo-signal.slang,kitty-crt,36187,d619fb7704b309fb5771770e7ad53d58fe68eb10c4dc7111875ab687b26a9802,2026-09-21T15:08:19
CRT-snapshots/metapollo-pre-fusion-restore/.config/kitty/shaders/README-PRE-FUSION-RESTORE.txt,kitty-crt,393,9e9c46dd239d26551121e0754a3da68db4e3364abe252f875dab151963ccc1f3,2026-09-22T04:16:20
CRT-snapshots/metapollo-pre-fusion-restore/.config/kitty/shaders/metapollo-alpha-audit.slang,kitty-crt,875,c1a91116019d1bdf9f8038683ead401dd1c17eae6c5fefacddea26095173f532,2026-09-22T04:08:56
CRT-snapshots/metapollo-pre-fusion-restore/.config/kitty/shaders/metapollo-alpha-copy.slang,kitty-crt,189,b2f055ce8694eaca8c9912b3ced5b2655116eb2ad7f0394b57000e90a5072ec5,2026-09-22T04:08:56
CRT-snapshots/metapollo-pre-fusion-restore/.config/kitty/shaders/metapollo-alpha-debug-show.slang,kitty-crt,1221,bb93c934415f3c8cd6f51909cc1b943c16d1fe2ed9dd18c86e6ae6c9be5f24d6,2026-09-22T04:08:56
CRT-snapshots/metapollo-pre-fusion-restore/.config/kitty/shaders/metapollo-alpha-state.slang,kitty-crt,2388,5a996f16438a516468d3a46a78e78f128f27b6951212b01dfd2eb2173c498a02,2026-09-22T04:08:56
CRT-snapshots/metapollo-pre-fusion-restore/.config/kitty/shaders/metapollo-bloom.slang,kitty-crt,4989,66f0871a87f41808589c48de7ba8141f786bb143bd97790383fd8a7ed04c301c,2026-09-22T04:08:56
CRT-snapshots/metapollo-pre-fusion-restore/.config/kitty/shaders/metapollo-chroma.slang,kitty-crt,2613,ac00ef37f53f426b508ff78014d8d7d9c748929dd46ccaad7504f0a5c0ea772b,2026-09-22T04:08:56
CRT-snapshots/metapollo-pre-fusion-restore/.config/kitty/shaders/metapollo-crt.pipeline,kitty-crt,12297,15e30e15964b8a62e86ac1fcdbde9b2cf002be80171b68e36aa6e460a055e8e8,2026-09-22T04:08:56
CRT-snapshots/metapollo-pre-fusion-restore/.config/kitty/shaders/metapollo-event-direct.slang,kitty-crt,561,a2e948bce978f27e0aa40183ace8be2a7203501df8d2362b36336bef8a56794d,2026-09-22T04:08:56
CRT-snapshots/metapollo-pre-fusion-restore/.config/kitty/shaders/metapollo-glass.slang,kitty-crt,1169,d1c661d20f69af4b87f447a8740ffa5c72ad0a2583c41020414ee03788e8d2a9,2026-09-22T04:08:56
CRT-snapshots/metapollo-pre-fusion-restore/.config/kitty/shaders/metapollo-grid.slang,kitty-crt,2834,833801e633020110becc1935f194c17ca668c518ca3dea999e25e4067455aa0f,2026-09-22T04:08:56
CRT-snapshots/metapollo-pre-fusion-restore/.config/kitty/shaders/metapollo-halation.slang,kitty-crt,5605,7b8a925dd2560765df63e60ccd2c3433d17a3858d7643bb02a283052d134d7f9,2026-09-22T04:08:56
CRT-snapshots/metapollo-pre-fusion-restore/.config/kitty/shaders/metapollo-handoff-copy.slang,kitty-crt,188,29d03b0630c67dd24cfaead0915fd02aaf447b352e86fd37f1480ef19de6fd63,2026-09-22T04:08:56
CRT-snapshots/metapollo-pre-fusion-restore/.config/kitty/shaders/metapollo-handoff-event.slang,kitty-crt,499,777db2c01f2eb77538dd4cb3324edea425f13d48be0ab41f5f8b16136befcde6,2026-09-22T04:08:56
CRT-snapshots/metapollo-pre-fusion-restore/.config/kitty/shaders/metapollo-handoff-show.slang,kitty-crt,194,78b64b31fede2a3f8c9b7c26cda02e5826c62933496db01d7416f626fcbde7d1,2026-09-22T04:08:56
CRT-snapshots/metapollo-pre-fusion-restore/.config/kitty/shaders/metapollo-hum.slang,kitty-crt,1912,2ec8ea6ceafbd77a93ab46f4f29443ed3788846ec3638eb1adcd504ca8daa68c,2026-09-22T04:08:56
CRT-snapshots/metapollo-pre-fusion-restore/.config/kitty/shaders/metapollo-idle-arm.slang,kitty-crt,1444,59113630fa4ed10463cd659cb00429a2cb71e31513e38abb96cc18cbc3e2a35e,2026-09-22T04:08:56
CRT-snapshots/metapollo-pre-fusion-restore/.config/kitty/shaders/metapollo-idle-marker.slang,kitty-crt,2120,9174c051ff8926edbabba355f2a91c07c08a7b695acd7918ba51cf9f4d50457d,2026-09-22T04:08:56
CRT-snapshots/metapollo-pre-fusion-restore/.config/kitty/shaders/metapollo-idle-state.slang,kitty-crt,3920,eb5db2c9f43b0f9418c75843c03aa2f128eb8c5c037f2efd4bc98675a2787b1b,2026-09-22T04:08:56
CRT-snapshots/metapollo-pre-fusion-restore/.config/kitty/shaders/metapollo-idle-wake-state.slang,kitty-crt,4796,b0bfcb64a23be28fe7719c6bb08a0faf619d35d8b282e6d83e69f17f484b888c,2026-09-22T04:08:56
CRT-snapshots/metapollo-pre-fusion-restore/.config/kitty/shaders/metapollo-interference.slang,kitty-crt,15733,a0134ffdff534216656fa8539ab3b3d13a8a0545a1156f161f25749407888928,2026-09-22T04:08:56
CRT-snapshots/metapollo-pre-fusion-restore/.config/kitty/shaders/metapollo-nosignal.slang,kitty-crt,12625,bebf9adefd83af3ef941efed6db574d16a56920ba4f8e4e6e6cd2fc734447913,2026-09-22T04:08:56
CRT-snapshots/metapollo-pre-fusion-restore/.config/kitty/shaders/metapollo-persist-arm-test.slang,kitty-crt,528,7d3481334fcaca7a43565dbcc12276450ef0c481085cff0ef81aa17e98fd32be,2026-09-22T04:08:56
CRT-snapshots/metapollo-pre-fusion-restore/.config/kitty/shaders/metapollo-persist-event.slang,kitty-crt,525,cb5ebfcc94de3801b0552a301acc47f43f0eecb8b49b2fb8fc826d382e1d4071,2026-09-22T04:08:56
CRT-snapshots/metapollo-pre-fusion-restore/.config/kitty/shaders/metapollo-persist-read-test.slang,kitty-crt,641,9206151f334f7cb28ca5a5a67c27d6b288e44f6d26be42c8dae8bd93de7999c4,2026-09-22T04:08:56
CRT-snapshots/metapollo-pre-fusion-restore/.config/kitty/shaders/metapollo-persist-show.slang,kitty-crt,195,1a795e58c1c8936a9ab386e8bb08b98d729849e5d2b8bc638ceec05e6abaf21a,2026-09-22T04:08:56
CRT-snapshots/metapollo-pre-fusion-restore/.config/kitty/shaders/metapollo-phosphor.slang,kitty-crt,3969,a41dc776eb89b74de6f906e4ef54f17d84fe1dde17d68344b9d63472dc9b425e,2026-09-22T04:08:56
CRT-snapshots/metapollo-pre-fusion-restore/.config/kitty/shaders/metapollo-reflection.slang,kitty-crt,9038,8ff92f8a56617bb5da44013535c580c5c0989539045c5c00932b450caa15bfa5,2026-09-22T04:08:56
CRT-snapshots/metapollo-pre-fusion-restore/.config/kitty/shaders/metapollo-signal-copy-a.WORKING.slang,kitty-crt,329,c0f8a39f750a708ec3306b5bb900bd1be2d175e7fa04bad364132b1b0e92da04,2026-09-22T04:08:56
CRT-snapshots/metapollo-pre-fusion-restore/.config/kitty/shaders/metapollo-signal-copy-a.slang,kitty-crt,329,c0f8a39f750a708ec3306b5bb900bd1be2d175e7fa04bad364132b1b0e92da04,2026-09-22T04:08:56
CRT-snapshots/metapollo-pre-fusion-restore/.config/kitty/shaders/metapollo-signal-copy.slang,kitty-crt,550,af78c6423b448a857cbf674c0aac95cf9cf14083ecbeeba1cc40cbdd0b9a3127,2026-09-22T04:08:56
CRT-snapshots/metapollo-pre-fusion-restore/.config/kitty/shaders/metapollo-signal-debug.slang,kitty-crt,3952,9d0d97fa2deab04c1c2d27275cabfd0441d3ea63cedbf795a2be87c991ab998c,2026-09-22T04:08:56
CRT-snapshots/metapollo-pre-fusion-restore/.config/kitty/shaders/metapollo-signal-event-state.WORKING.slang,kitty-crt,4317,d11f1ed0f3c38b12f478deb53b74ad643073c006d8f2ae701537d5e6c8cf88d4,2026-09-22T04:08:56
CRT-snapshots/metapollo-pre-fusion-restore/.config/kitty/shaders/metapollo-signal-event-state.slang,kitty-crt,4317,d11f1ed0f3c38b12f478deb53b74ad643073c006d8f2ae701537d5e6c8cf88d4,2026-09-22T04:08:56
CRT-snapshots/metapollo-pre-fusion-restore/.config/kitty/shaders/metapollo-signal-event.slang,kitty-crt,895,5995b447bbc59ac9d0772882f55b48e5287bef47a207222cf4cd2e564a0cfe4e,2026-09-22T04:08:56
CRT-snapshots/metapollo-pre-fusion-restore/.config/kitty/shaders/metapollo-signal-state.slang,kitty-crt,5201,40843d3cdf0367c7b08ce12fd4879f0f5955b4018b36f057a605d6c376e2afbc,2026-09-22T04:08:56
CRT-snapshots/metapollo-pre-fusion-restore/.config/kitty/shaders/metapollo-signal.WORKING.slang,kitty-crt,37762,5d018e2abb48a0abeeb3d1b9478c95efb2a5a84225cd55023f1246588c1d5b7d,2026-09-22T04:08:56
CRT-snapshots/metapollo-pre-fusion-restore/.config/kitty/shaders/metapollo-signal.slang,kitty-crt,40243,d1774a2718078092d5e9f64d702fa728adeaab16c0ba1c96606cd485464d315b,2026-09-22T04:08:56
CRT-snapshots/metapollo-pre-fusion-restore/.config/kitty/shaders/metapollo-state-copy.slang,kitty-crt,533,84f23fcecdf3ea4587517743b8b9ed26c1e890b815e0793b46dbb85838d1ef21,2026-09-22T04:08:56
CRT-snapshots/metapollo-pre-fusion-restore/.config/kitty/shaders/metapollo-state-debug-show.slang,kitty-crt,1296,18d424a2f317db0d8cad634fe0c855296de90d533425b69935fed6a448db0604,2026-09-22T04:08:56
CRT-snapshots/metapollo-pre-fusion-restore/.config/kitty/shaders/metapollo-sync.slang,kitty-crt,5396,2cf1b43e1add928e9be59db146fff95e6e8faed44f90ea828a6e3c9ab940dab3,2026-09-22T04:08:56
CRT-snapshots/metapollo-pre-fusion-restore/.config/kitty/shaders/metapollo-tear.slang,kitty-crt,19932,3081a1827ca40ef9fbe9c238f2b5ab54698cffbfea23fa4a6b4b5600578f5b68,2026-09-22T04:08:56
CRT-snapshots/metapollo-pre-fusion-restore/.config/kitty/shaders/metapollo-wake-after-idle.slang,kitty-crt,7367,50719cb9b376506b95edd9c43b968feba96cbc702c7b01402467b1bc7d2af1fa,2026-09-22T04:08:56
CRT-snapshots/metapollo-pre-fusion-restore/.config/kitty/shaders/metapollo-wake-state.slang,kitty-crt,3436,e0aefc29ee795498482066c297a961059509fa077330ced0c5da15ee43bfade0,2026-09-22T04:08:56
CRT-snapshots/metapollo-pre-fusion-restore/.config/kitty/shaders/metapollo-wake-test.slang,kitty-crt,4471,1baa50d530f6d529464f3daa730612c46412b376a3ce57a75c586799956986d3,2026-09-22T04:08:56
CRT-snapshots/metapollo-pre-fusion-restore/.config/kitty/shaders/metapollo-wake.slang,kitty-crt,7882,e97d6accbea52bdcce19f65151f3ea80985c4baadddbbac458fa213e4b6d0a6c,2026-09-22T04:08:56
CRT-snapshots/metapollo-raw-alpha-audit/.config/kitty/shaders/metapollo-alpha-audit.slang,kitty-crt,875,c1a91116019d1bdf9f8038683ead401dd1c17eae6c5fefacddea26095173f532,2026-09-21T20:33:41
CRT-snapshots/metapollo-raw-alpha-audit/.config/kitty/shaders/metapollo-raw-alpha.pipeline,kitty-crt,450,7ca5891eb2b2b608b9ed8e38611c7befb8d769c7a6a9015959dc05b9b447b576,2026-09-21T20:33:41
CRT-snapshots/metapollo-scheduler-cleanup/.config/kitty/shaders/README-SCHEDULER-CLEANUP.txt,kitty-crt,1104,4a062200a60c7147872ff83da24fba6df36201975178940be6fc6716cf52fc8e,2026-09-21T21:07:39
CRT-snapshots/metapollo-scheduler-cleanup/.config/kitty/shaders/metapollo-crt.pipeline,kitty-crt,11416,dcc937492e867624ecbb32cdb65788241ccc14eb4346aa4fdfaf83ac0d9d494f,2026-09-21T21:07:39
CRT-snapshots/metapollo-signal-diagnostic/.config/kitty/shaders/metapollo-crt.pipeline,kitty-crt,10733,dcf6fa26892a076d8dec114b75f2053332fbd011dc0b1cbbd053b199bdaa8a96,2026-09-21T10:08:21
CRT-snapshots/metapollo-signal-diagnostic/.config/kitty/shaders/metapollo-signal-copy.slang,kitty-crt,550,af78c6423b448a857cbf674c0aac95cf9cf14083ecbeeba1cc40cbdd0b9a3127,2026-09-21T10:08:19
CRT-snapshots/metapollo-signal-diagnostic/.config/kitty/shaders/metapollo-signal-debug.slang,kitty-crt,3952,9d0d97fa2deab04c1c2d27275cabfd0441d3ea63cedbf795a2be87c991ab998c,2026-09-21T10:08:19
CRT-snapshots/metapollo-signal-diagnostic/.config/kitty/shaders/metapollo-signal-event.slang,kitty-crt,895,5995b447bbc59ac9d0772882f55b48e5287bef47a207222cf4cd2e564a0cfe4e,2026-09-21T10:08:19
CRT-snapshots/metapollo-signal-diagnostic/.config/kitty/shaders/metapollo-signal-state.slang,kitty-crt,5201,40843d3cdf0367c7b08ce12fd4879f0f5955b4018b36f057a605d6c376e2afbc,2026-09-21T10:08:19
CRT-snapshots/metapollo-signal-diagnostic/.config/kitty/shaders/metapollo-signal.slang,kitty-crt,36187,d619fb7704b309fb5771770e7ad53d58fe68eb10c4dc7111875ab687b26a9802,2026-09-21T10:08:19
CRT-snapshots/metapollo-single-controller-fix/.config/kitty/shaders/metapollo-crt.pipeline,kitty-crt,10710,5b0766bff4fecd15015f7174750c09143daf8f9fed7455ebd91101df18a16dec,2026-09-20T14:38:47
CRT-snapshots/metapollo-single-controller-fix/.config/kitty/shaders/metapollo-signal-copy.slang,kitty-crt,550,af78c6423b448a857cbf674c0aac95cf9cf14083ecbeeba1cc40cbdd0b9a3127,2026-09-20T14:38:47
CRT-snapshots/metapollo-single-controller-fix/.config/kitty/shaders/metapollo-signal-event.slang,kitty-crt,895,5995b447bbc59ac9d0772882f55b48e5287bef47a207222cf4cd2e564a0cfe4e,2026-09-20T14:38:47
CRT-snapshots/metapollo-single-controller-fix/.config/kitty/shaders/metapollo-signal-state.slang,kitty-crt,5201,40843d3cdf0367c7b08ce12fd4879f0f5955b4018b36f057a605d6c376e2afbc,2026-09-20T14:38:47
CRT-snapshots/metapollo-single-controller-fix/.config/kitty/shaders/metapollo-signal.slang,kitty-crt,36187,d619fb7704b309fb5771770e7ad53d58fe68eb10c4dc7111875ab687b26a9802,2026-09-20T14:38:47
CRT-snapshots/metapollo-source-opt-1/.config/kitty/shaders/README-SOURCE-OPT-1.txt,kitty-crt,1108,3e4f4e9cf65b3c0eba2e79414ed5e6d65ccdfd09fe31aabeee8ef0ec14df5eaa,2026-09-21T22:38:32
CRT-snapshots/metapollo-source-opt-1/.config/kitty/shaders/metapollo-halation.slang,kitty-crt,5209,90e87ee174280e787224a6d92a77eac6d529cfc9dcb3427646a104e059a40e43,2026-09-21T22:38:32
CRT-snapshots/metapollo-source-opt-1/.config/kitty/shaders/metapollo-interference.slang,kitty-crt,15484,f8202781c1787f036f17356c1900d6026050bb72e3c3ff402d124264de8ef718,2026-09-21T22:38:32
CRT-snapshots/metapollo-source-opt-1/.config/kitty/shaders/metapollo-signal.slang,kitty-crt,38027,63462d32fbb37a658f4fa33fb9469de9c8b9831b2e5d3a8baade12915800c271,2026-09-21T22:38:32
CRT-snapshots/metapollo-source-opt-10/.config/kitty/shaders/README-SOURCE-OPT-10.txt,kitty-crt,1110,fb912f61885976cb9b0b1509d1afad656f5194c0d148ff33f53365317fe9e0a4,2026-09-22T07:14:30
CRT-snapshots/metapollo-source-opt-10/.config/kitty/shaders/metapollo-hum-signal-reflection.slang,kitty-crt,52716,b148d11ecbe8985d9b3665db9e72ee71884c78ce72a9166decddbe4fb23a18e5,2026-09-22T07:14:30
CRT-snapshots/metapollo-source-opt-10/.config/kitty/shaders/metapollo-interference.slang,kitty-crt,16847,3235bb0861e0d59c3fb451f2a14f6f38773970eba1357cdcdde61a15ae6ae207,2026-09-22T07:14:30
CRT-snapshots/metapollo-source-opt-10/.config/kitty/shaders/metapollo-sync.slang,kitty-crt,5816,ba82cfaa72e4362a2a330579fc3648c1cc1be99eefd600090380c8b279077434,2026-09-22T07:14:30
CRT-snapshots/metapollo-source-opt-11/.config/kitty/shaders/README-SOURCE-OPT-11.txt,kitty-crt,1106,4d35fb8c6317560f9d6889183be7fbf887e5bef1e9a6ebc77c8f7b67802c79a9,2026-09-22T07:21:53
CRT-snapshots/metapollo-source-opt-11/.config/kitty/shaders/metapollo-bloom.slang,kitty-crt,5306,35b798b743cd4dcec6c7c3146ccc342a12fac5060caffb2fe1591dde52a42141,2026-09-22T07:21:53
CRT-snapshots/metapollo-source-opt-11/.config/kitty/shaders/metapollo-halation.slang,kitty-crt,5828,bc267c876a893537a9522946958a62ef4d6cc0eafe4949442334f8444b047408,2026-09-22T07:21:53
CRT-snapshots/metapollo-source-opt-11/.config/kitty/shaders/metapollo-phosphor-grid.slang,kitty-crt,5702,ffab21db5ffc54b62f9cb94b6a03a5721b7352cb9c2a1e523c5ab7a835e243ec,2026-09-22T07:21:53
CRT-snapshots/metapollo-source-opt-12/.config/kitty/shaders/README-SOURCE-OPT-12.txt,kitty-crt,1035,5126e28786ee8b92c4597c1d858c5dc79a315184f0a522414875baaecbb1d9d9,2026-09-22T07:29:13
CRT-snapshots/metapollo-source-opt-12/.config/kitty/shaders/metapollo-chroma.slang,kitty-crt,2719,03f9a7a69d51dbc9cb79c5450adc01a4a55c683171fe60cc2d8600bbbf1f05ab,2026-09-22T07:29:13
CRT-snapshots/metapollo-source-opt-12/.config/kitty/shaders/metapollo-hum-signal-reflection.slang,kitty-crt,53551,52e1e3fc4f23a722f5a0d99d64f89aebf60ed2cdfddcd8e9abef0d1f60246bd7,2026-09-22T07:29:13
CRT-snapshots/metapollo-source-opt-13/.config/kitty/shaders/README-SOURCE-OPT-13.txt,kitty-crt,1080,f42546288c36edf737f0e5708415bee177d68fafbd24833eed1afa18fd1270ac,2026-09-22T07:37:20
CRT-snapshots/metapollo-source-opt-13/.config/kitty/shaders/metapollo-bloom.slang,kitty-crt,5457,351179e1b47ff55e7c62d8d020e5bcced8b526c71dccefa12823cf4f7cf54856,2026-09-22T07:37:20
CRT-snapshots/metapollo-source-opt-13/.config/kitty/shaders/metapollo-hum-signal-reflection.slang,kitty-crt,54010,228a37cf4d506e4c752fa708a8e182efe9e7d97aa2b7fdfe472577326f79bbb3,2026-09-22T07:37:20
CRT-snapshots/metapollo-source-opt-13/.config/kitty/shaders/metapollo-interference.slang,kitty-crt,16947,cc08a47f927fc2778e5ae1410a5d32ea7092bf4218a58b56a4f6e6d3c22d7e6c,2026-09-22T07:37:20
CRT-snapshots/metapollo-source-opt-13/.config/kitty/shaders/metapollo-phosphor-grid.slang,kitty-crt,5872,80c28ff37317e98833dcb8b0975b3e6097436cee3235b42733ca74f7d1d8080d,2026-09-22T07:37:20
CRT-snapshots/metapollo-source-opt-14/.config/kitty/shaders/README-SOURCE-OPT-14.txt,kitty-crt,1048,cef7b887f39e32d3085ca256f150ecba5517ecdf8c0f6ac01f665c153d2b8d93,2026-09-22T07:52:11
CRT-snapshots/metapollo-source-opt-14/.config/kitty/shaders/metapollo-hum-signal-reflection.slang,kitty-crt,54909,f03972447493a7fbee2056783758c3e1025ef0a3178c6f64f72a712f45836095,2026-09-22T07:52:11
CRT-snapshots/metapollo-source-opt-15/.config/kitty/shaders/README-SOURCE-OPT-15.txt,kitty-crt,976,d4cf6a9a97d3f3ef12a0fc9fb4a4ab237ee3740006bfa195ac194ee7751fcfcb,2026-09-22T08:57:59
CRT-snapshots/metapollo-source-opt-15/.config/kitty/shaders/metapollo-hum-signal-reflection.slang,kitty-crt,62157,165cdba01ffffb1989ade2b16769fd9cec7b7af4902d7e1fd0b0cde7a158f1b7,2026-09-22T08:57:59
CRT-snapshots/metapollo-source-opt-15/.config/kitty/shaders/metapollo-interference.slang,kitty-crt,16910,a5a9a253aebf8846450931017bf28f84bc7e482c75e6482b1a4c6f4beaa060ea,2026-09-22T08:57:59
CRT-snapshots/metapollo-source-opt-2/.config/kitty/shaders/README-SOURCE-OPT-2.txt,kitty-crt,1089,445bf5dc6089b8377b24f65d21a01c7462ac88b7899784b50c7158dd9b692d6a,2026-09-22T03:43:37
CRT-snapshots/metapollo-source-opt-2/.config/kitty/shaders/metapollo-bloom.slang,kitty-crt,4688,a9b6863d78a8ed970d914b18fd9a581f414afce63c415fdf250098e53e009d83,2026-09-22T03:43:37
CRT-snapshots/metapollo-source-opt-2/.config/kitty/shaders/metapollo-chroma.slang,kitty-crt,2613,ac00ef37f53f426b508ff78014d8d7d9c748929dd46ccaad7504f0a5c0ea772b,2026-09-22T03:43:37
CRT-snapshots/metapollo-source-opt-2/.config/kitty/shaders/metapollo-grid.slang,kitty-crt,2834,833801e633020110becc1935f194c17ca668c518ca3dea999e25e4067455aa0f,2026-09-22T03:43:37
CRT-snapshots/metapollo-source-opt-2/.config/kitty/shaders/metapollo-phosphor.slang,kitty-crt,3969,a41dc776eb89b74de6f906e4ef54f17d84fe1dde17d68344b9d63472dc9b425e,2026-09-22T03:43:37
CRT-snapshots/metapollo-source-opt-2/.config/kitty/shaders/metapollo-sync.slang,kitty-crt,5226,be672f84692ae59d17645254d899384e5acaf06ccc9d70cba2d436636e986bd2,2026-09-22T03:43:37
CRT-snapshots/metapollo-source-opt-3/.config/kitty/shaders/README-SOURCE-OPT-3.txt,kitty-crt,1316,7bb253d29c0bfb79bb2776631a84fb28862f2e11a88b0e6c792ef14bae91517c,2026-09-22T03:52:38
CRT-snapshots/metapollo-source-opt-3/.config/kitty/shaders/metapollo-bloom.slang,kitty-crt,4989,66f0871a87f41808589c48de7ba8141f786bb143bd97790383fd8a7ed04c301c,2026-09-22T03:52:38
CRT-snapshots/metapollo-source-opt-3/.config/kitty/shaders/metapollo-halation.slang,kitty-crt,5605,7b8a925dd2560765df63e60ccd2c3433d17a3858d7643bb02a283052d134d7f9,2026-09-22T03:52:38
CRT-snapshots/metapollo-source-opt-3/.config/kitty/shaders/metapollo-interference.slang,kitty-crt,15733,a0134ffdff534216656fa8539ab3b3d13a8a0545a1156f161f25749407888928,2026-09-22T03:52:38
CRT-snapshots/metapollo-source-opt-3/.config/kitty/shaders/metapollo-reflection.slang,kitty-crt,9038,8ff92f8a56617bb5da44013535c580c5c0989539045c5c00932b450caa15bfa5,2026-09-22T03:52:38
CRT-snapshots/metapollo-source-opt-3/.config/kitty/shaders/metapollo-signal.slang,kitty-crt,38217,60e8e91c437fa77ddc8dec74712fb0a6bbf191bc962437b7b5a1671e83d8e84b,2026-09-22T03:52:38
CRT-snapshots/metapollo-source-opt-3/.config/kitty/shaders/metapollo-sync.slang,kitty-crt,5396,2cf1b43e1add928e9be59db146fff95e6e8faed44f90ea828a6e3c9ab940dab3,2026-09-22T03:52:38
CRT-snapshots/metapollo-source-opt-4/.config/kitty/shaders/README-SOURCE-OPT-4.txt,kitty-crt,954,eb1b26f652a72f39b2f2b1b1b0ea4baa4dc484fd80f2d82a8518fa113ee14184,2026-09-22T04:03:18
CRT-snapshots/metapollo-source-opt-4/.config/kitty/shaders/metapollo-signal.slang,kitty-crt,40243,d1774a2718078092d5e9f64d702fa728adeaab16c0ba1c96606cd485464d315b,2026-09-22T04:03:18
CRT-snapshots/metapollo-source-opt-5/.config/kitty/shaders/README-SOURCE-OPT-5.txt,kitty-crt,839,2eec2cf53d05a0a23b52940dba2fae7d65774fa48da11e047a6f90e10ca1f8a3,2026-09-22T04:11:12
CRT-snapshots/metapollo-source-opt-5/.config/kitty/shaders/metapollo-crt.pipeline,kitty-crt,12293,72aaedb46ed1718f6937719d4cf73b72799d7b0266c7ae403a666b1a036287a7,2026-09-22T04:11:12
CRT-snapshots/metapollo-source-opt-5/.config/kitty/shaders/metapollo-phosphor-grid.slang,kitty-crt,5170,6262fa6401582b4ac65ae2976f6c46c2f42dea76ac70f4c20a88ed318354b825,2026-09-22T04:11:12
CRT-snapshots/metapollo-source-opt-6/.config/kitty/shaders/README-SOURCE-OPT-6.txt,kitty-crt,1031,67d2dc194e026ea45d3c812e367081a745f590911a5042502f71fbbe84db2674,2026-09-22T04:24:32
CRT-snapshots/metapollo-source-opt-6/.config/kitty/shaders/metapollo-crt.pipeline,kitty-crt,12295,18796d04a9b5aeaa322aea0d27859eb44c56511e13e50ecec08debfae111aa5f,2026-09-22T04:24:32
CRT-snapshots/metapollo-source-opt-6/.config/kitty/shaders/metapollo-hum-signal.slang,kitty-crt,42379,94b2bec2a0ff8b9e57c8cd32ff92f5c884a502abedab444dfea4f77eb04e597c,2026-09-22T04:24:32
CRT-snapshots/metapollo-source-opt-7/.config/kitty/shaders/README-SOURCE-OPT-7.txt,kitty-crt,1116,60069788b58c7a4dc620b53348a82bb0868eac3a4dcc64f63436f75bf43947d2,2026-09-22T05:59:55
CRT-snapshots/metapollo-source-opt-7/.config/kitty/shaders/metapollo-crt.pipeline,kitty-crt,12279,ec536671140ecc63bfdc8bca1a4eab87ea36e9f0c6a24f84275b1cf469fdfe11,2026-09-22T05:59:55
CRT-snapshots/metapollo-source-opt-7/.config/kitty/shaders/metapollo-hum-signal-reflection.slang,kitty-crt,52125,94eb2b1654e51fdeae37dac31b0dc022b710e81fc158c9b523ed4361ba1cbfd5,2026-09-22T05:59:55
CRT-snapshots/metapollo-source-opt-8/.config/kitty/shaders/README-SOURCE-OPT-8.txt,kitty-crt,1114,450de197441bb34784621914ba38a3f641dd8b860e670aade8e4f6169b7f2ee6,2026-09-22T06:09:23
CRT-snapshots/metapollo-source-opt-8/.config/kitty/shaders/metapollo-hum-signal-reflection.slang,kitty-crt,52234,451fca9f36f31a444f35704fd471f74ca3eb2e76b176462dedbbd964e21c8254,2026-09-22T06:09:23
CRT-snapshots/metapollo-source-opt-8/.config/kitty/shaders/metapollo-interference.slang,kitty-crt,16153,048549387e04fd1c8f048a1f347e507ac262181b8889e0d63e59b1bbe8ebf92b,2026-09-22T06:09:23
CRT-snapshots/metapollo-source-opt-9/.config/kitty/shaders/README-SOURCE-OPT-9.txt,kitty-crt,927,87752384d47e24e4f962f8d8d118cb8ea64fa44919b07b8cde9de0ac9a678259,2026-09-22T07:04:15
CRT-snapshots/metapollo-source-opt-9/.config/kitty/shaders/metapollo-hum-signal-reflection.slang,kitty-crt,52740,b728a3babd74a45bfd654388dd3f85fb63d719cbbd0d91d402768c1fa9a9f6a8,2026-09-22T07:04:15
CRT-snapshots/metapollo-source-opt-9/.config/kitty/shaders/metapollo-interference.slang,kitty-crt,16853,0e5f0e099b164dd1ea96313ae5214b4ce46227fef9e99ce37a8c4e3df05090d0,2026-09-22T07:04:15
CRT-snapshots/metapollo-state-machine-debug/.config/kitty/shaders/metapollo-crt.pipeline,kitty-crt,1477,ca6ee5c92fe0cf657290fe695351a373cfaec4bb54f2c01dd6a640462d07b5a3,2026-09-21T16:16:21
CRT-snapshots/metapollo-state-machine-debug/.config/kitty/shaders/metapollo-signal-copy-a.slang,kitty-crt,329,c0f8a39f750a708ec3306b5bb900bd1be2d175e7fa04bad364132b1b0e92da04,2026-09-21T16:16:21
CRT-snapshots/metapollo-state-machine-debug/.config/kitty/shaders/metapollo-signal-event-state.slang,kitty-crt,3725,4b6a4c9a5a88f9ee660703e5d1282aab525a44589f6cae4fb8ceb765eef1f8b5,2026-09-21T16:16:21
CRT-snapshots/metapollo-state-machine-debug/.config/kitty/shaders/metapollo-state-debug-show.slang,kitty-crt,1296,18d424a2f317db0d8cad634fe0c855296de90d533425b69935fed6a448db0604,2026-09-21T16:16:21
CRT-snapshots/metapollo-state-viewport-opt/.config/kitty/shaders/README-STATE-VIEWPORT.txt,kitty-crt,1092,e3f2d986e5f8bc4eb1864ceb4bb94f09bd4272e850b7a3b45bd4d82fb48bbb25,2026-09-21T22:02:31
CRT-snapshots/metapollo-state-viewport-opt/.config/kitty/shaders/metapollo-crt.pipeline,kitty-crt,12297,15e30e15964b8a62e86ac1fcdbde9b2cf002be80171b68e36aa6e460a055e8e8,2026-09-21T22:02:31
CRT-snapshots/metapollo-state-viewport-real/.config/kitty/shaders/README-REAL-STATE-VIEWPORT.txt,kitty-crt,633,5f5c08b3e2e6819945f2494567121a30ca1b762c05041841052b5136e0ff3b8d,2026-09-21T22:17:43
CRT-snapshots/metapollo-state-viewport-real/.config/kitty/shaders/metapollo-crt.pipeline,kitty-crt,12842,b52760dcef8e427a15a9a27a799bc21859360533948dbd23b6ba999601cddf77,2026-09-21T22:17:43
CRT-snapshots/metapollo-statepack-fix/.config/kitty/shaders/metapollo-crt.pipeline,kitty-crt,10036,b88bf42e8ac101871ecfb5fffc97ab9d163029734544494af59a422810efb12f,2026-09-20T13:08:50
CRT-snapshots/metapollo-statepack-fix/.config/kitty/shaders/metapollo-signal-state.slang,kitty-crt,3064,fe69dbd8fdbd235e1ecaf9203f1b4e0f5f1fe02990c082f55ec70c681be365ab,2026-09-20T13:08:50
CRT-snapshots/metapollo-statepack-fix/.config/kitty/shaders/metapollo-signal.slang,kitty-crt,37375,885dc873184cb7629a8325db54dc69bb62dd2312b28e7af5256af6557a4f93bc,2026-09-20T13:08:50
CRT-snapshots/metapollo-stateuv-fix/.config/kitty/shaders/metapollo-crt.pipeline,kitty-crt,10023,51fa84cf5792200281d4297437a10a9124fb6529f620b8a415415f387420dc47,2026-09-21T15:36:54
CRT-snapshots/metapollo-stateuv-fix/.config/kitty/shaders/metapollo-signal-copy-a.slang,kitty-crt,329,c0f8a39f750a708ec3306b5bb900bd1be2d175e7fa04bad364132b1b0e92da04,2026-09-21T15:36:54
CRT-snapshots/metapollo-stateuv-fix/.config/kitty/shaders/metapollo-signal-event-state.slang,kitty-crt,3725,4b6a4c9a5a88f9ee660703e5d1282aab525a44589f6cae4fb8ceb765eef1f8b5,2026-09-21T15:36:54
CRT-snapshots/metapollo-stateuv-fix/.config/kitty/shaders/metapollo-signal.slang,kitty-crt,36183,a0c81831597d3e54a5cf89a2c2dfaeb88eb9f9b5ccf41b74efba08190086b6c6,2026-09-21T15:36:54
CRT-snapshots/metapollo-transparency-audit/.config/kitty/shaders/metapollo-alpha-audit.slang,kitty-crt,875,c1a91116019d1bdf9f8038683ead401dd1c17eae6c5fefacddea26095173f532,2026-09-21T20:28:32
CRT-snapshots/metapollo-transparency-audit/.config/kitty/shaders/metapollo-crt.pipeline,kitty-crt,11075,9f4181e4b0f905507dd92f39d2a7db8af6709ad51c0a70076b58158539629d69,2026-09-21T20:28:32
CRT-snapshots/metapollo-user-idle-fix/.config/kitty/shaders/metapollo-crt.pipeline,kitty-crt,10036,b88bf42e8ac101871ecfb5fffc97ab9d163029734544494af59a422810efb12f,2026-09-20T12:55:14
CRT-snapshots/metapollo-user-idle-fix/.config/kitty/shaders/metapollo-signal-copy.slang,kitty-crt,629,32f5fa251be889f6a420dfa9f8ca488b4826428c7babb9ca923361a5627e01fa,2026-09-20T12:55:14
CRT-snapshots/metapollo-user-idle-fix/.config/kitty/shaders/metapollo-signal-state.slang,kitty-crt,3543,1e54532db7118cc9547711058114ffc1904bd0b83ab1a022cbac7c23baa7727f,2026-09-20T12:55:14
CRT-snapshots/metapollo-user-idle-fix/.config/kitty/shaders/metapollo-signal.slang,kitty-crt,37251,7aec4a54e848a04b83e90cf3cd2a4a35677d696e17cacda8b741135c5fdeaa90,2026-09-20T12:55:14
ReceiverDeck-history/ReceiverDeck_both_fixes.qml,post-apollo-tv,49283,769c831698bdc234f99a3de5d4c6ab9f2b9a286d1c2e80dac54b3cb8705b0b34,2026-09-22T04:37:33
ReceiverDeck-history/ReceiverDeck_fixed.qml,post-apollo-tv,42253,92d4549b1b51924126d699b0206d2b9c970d1662338fdfc3cd2280d3148e1a7f,2026-09-21T22:34:32
ReceiverDeck-history/ReceiverDeck_voice_fixed.qml,post-apollo-tv,48184,ab222a10cb13a641c9f02b30e3ba3183f1ec197dc6d1a9fb76128385768fb082,2026-09-22T07:33:52
RiceCodeHistory/APPCONTROL_COMPLETE_HANDOFF_2026-09-11.md,unclassified,56662,7f47aeb8ab86b9b60fec3ceb258d36f7f264421bb1bb26dc6df4aadf467bd2a6,2026-09-11T00:04:01
RiceCodeHistory/AppControlW_bottom_gap_running_glow.qml,unclassified,92751,9e060767c0060858425a3fd7f0b63b52816dce471ea01dd3b4a6126ecc999c49,2026-09-10T16:08:31
RiceCodeHistory/AppControlW_cursor_above_bar_closer.qml,unclassified,137585,cfdead40de4bd4bc24806af0633e124feb0f49dfc943b27c9b60f19e56d7af0a,2026-09-10T22:40:32
RiceCodeHistory/AppControlW_cursor_alignment_blink_tune.qml,unclassified,137461,721599e21c6152f0498343f58a83b7c6af442bf194ed6c6d465a0088972a2cfe,2026-09-10T22:37:05
RiceCodeHistory/AppControlW_cursor_favorites_face_glow_tune.qml,unclassified,142546,a20540f0a4531564e6e2753848624f4d22ebeb1458e76c6e71a65761b168d799,2026-09-10T22:57:12
RiceCodeHistory/HoverCloseGuard.qml,unclassified,3818,5b76821ca2f7f61db55760cf5c145830eafcaeb75ff4f55afc5760dd11f65425,2026-09-19T18:27:22
RiceCodeHistory/Importnat/AppControlW_COMPLETE_PROJECT_TRANSFER.md,documentation,61086,5579011b05903e790950943a4149c3443dd21ce3cb9f05c959bf1de85d5073b2,2026-09-11T13:15:50
RiceCodeHistory/Importnat/AppControlW_cursor_full_star_wave_title_line_lower.qml,documentation,145618,3a9b332593f8c26c8042ec86186d34c3607e89996f52fa488f48528fb91f0234,2026-09-10T23:10:22
RiceCodeHistory/Importnat/AppControlW_cursor_near_stars_glow_line_lower.qml,documentation,146488,017d95e0594527e92600509262e3ae214a18772239cd1dd4c75040e7865129e0,2026-09-10T23:14:11
RiceCodeHistory/Importnat/Post-Apollo_Media_Library_Idea.md,documentation,8651,2f3d08b6fd475b232d427dd41a169af305616bdaa90b2506f9bf2ed9c973e1d8,2026-09-19T21:16:56
RiceCodeHistory/Importnat/QUICKSHELL_MESSAGING_COMPLETE_ARCHIVE_2026-09-10.md,documentation,157288,963a2be0010399da343e247978ecad9745165d8b20ba9c310164170872be8730,2026-09-10T10:14:41
RiceCodeHistory/Importnat/meta_apollo_logos_design_principles.md,documentation,15270,cf413542f682d3e630afcb7dcab1082c56ff1471496b67befb6f5a06a1df0ffd,2026-09-17T20:01:00
RiceCodeHistory/Importnat/meta_apollo_logos_genz_context.md,documentation,18035,3ba37ad138e5392c132b0b007bd100746498488f88f93d5b47ff86adfd7632c7,2026-09-17T20:01:10
RiceCodeHistory/Importnat/meta_apollo_logos_naming_and_design_language.md,documentation,15300,3c657748c9c049726ab3c6d3d8fd8a43b97f8dbe973e4b11ceba61b519210d30,2026-09-17T15:37:48
RiceCodeHistory/Importnat/meta_apollo_logos_repository_architecture_plan.md,documentation,15581,c59bc1ee2074b82b8d12c5304edb2efa13e51028d1d9ab25b0b636124c7814ef,2026-09-17T15:37:41
RiceCodeHistory/Importnat/meta_apollo_logos_soul.md,documentation,13185,f740e91f2fca539a5b7525dfc0d4e5c4b9cac758789e8bf116698edaa9522552,2026-09-17T20:01:05
RiceCodeHistory/Importnat/neon_crt_desktop_project_master_plan.md,documentation,37188,749555e8afb0ca02d343606623fc81007cc231b8d6727d2a3510659f9a85108e,2026-09-17T13:59:50
RiceCodeHistory/Importnat/quickshell_bar_architecture.md,documentation,9133,35fb4b737813d57d9474b07df479502241db61406b9642438f0d39ec41cfd32e,2026-09-03T01:30:20
RiceCodeHistory/Importnat/quickshell_power_menu_development_history.md,documentation,35634,7bc64e8fa8279e75df7b4389f0cf254e969aa298355abaef3186cdf5d8991aa5,2026-09-02T09:45:55
RiceCodeHistory/Importnat/quickshell_power_menu_updated.md,documentation,14048,4871a884b4fb2072063884c87e41bfc940b6200d23728075235ff17fcdd30c5a,2026-09-02T09:46:32
RiceCodeHistory/Importnat/quickshell_rice_complete_project_dossier.md,documentation,130113,debcdc13cb8035cf5448648175c727cb2cec69d8a6470bc8e71d6436070aefda,2026-09-06T16:32:53
RiceCodeHistory/Importnat/quickshell_workspace_preview_plan.md,documentation,9596,7eb3cb3c46948be0ea3ae77f63f5745dc6f9626f7df23bfb27de13297c9ce89a,2026-09-04T14:33:25
RiceCodeHistory/Importnat/quickshell_workspace_progress.md,documentation,10231,fad711100e350a803bf7e136328d73f2846121b2c42327e9128aace6ba9375b8,2026-09-04T14:33:19
RiceCodeHistory/Importnat/session-quickshell-plan.md,documentation,34330,920b58aad4aee09c8163954cd250429454cf7f857aab17c6994ecd66b758f8e8,2026-09-09T17:52:59
RiceCodeHistory/InvisEdege/EdgeInvisi (1).qml,edge-reveal,25497,22da51051f17d3a034317c1dfbac8940eb9c43e2a44486d68018d8d7159fc287,2026-09-19T17:16:17
RiceCodeHistory/InvisEdege/EdgeInvisi (1ssas).qml,edge-reveal,23261,498a30a46f5085bfcff5c544646ae8263fec9ccf038ee98fbaf6b6d5217ceac3,2026-09-19T17:03:19
RiceCodeHistory/InvisEdege/EdgeInvisi.qml,edge-reveal,21673,f5d94b690edd65eecb178aafdd823135fc12f14ab25cb2ce7bc1f71bece2c5fe,2026-09-19T16:44:35
RiceCodeHistory/InvisEdege/EdgeInvisi_fixed (1).qml,edge-reveal,25769,5b1df1e936d5a6c84191bd609454dd8c4722b1a94023d41b8273d09272b0e33e,2026-09-19T16:30:22
RiceCodeHistory/InvisEdege/EdgeInvisi_fixed.qml,edge-reveal,25769,5b1df1e936d5a6c84191bd609454dd8c4722b1a94023d41b8273d09272b0e33e,2026-09-19T16:24:34
RiceCodeHistory/InvisEdege/EdgeInvisi_menu_safe.qml,edge-reveal,26901,29a87528f10660636a38d6c92028419bac39d13fd0c953d0e835f93db0f3e630,2026-09-19T17:57:44
RiceCodeHistory/InvisEdege/EdgeInvisi_no_force_hide.qml,edge-reveal,24336,3ff079b880f5eaaefca8c2c25cf505c09b7c42dfaea63e8c4f0e2f07ec3d3e7b,2026-09-19T18:27:16
RiceCodeHistory/InvisEdege/EdgeInvisi_single_hover.qml,edge-reveal,25769,5b1df1e936d5a6c84191bd609454dd8c4722b1a94023d41b8273d09272b0e33e,2026-09-19T16:34:24
RiceCodeHistory/InvisEdege/EdgeInvisi_watchdog_activity_safe.qml,edge-reveal,25815,7765c1e8f33c55cb2c24d23de199c77a8fe5f4fd46573aa32cd4f9d03d1b2521,2026-09-19T17:37:58
RiceCodeHistory/InvisEdege/edge-bar-bool-hover.qml,edge-reveal,19041,4d5f6e395acf43b41c1d436067ed752c2db26c5d9f2a4562a69eb9e8c1537df9,2026-09-19T10:53:41
RiceCodeHistory/InvisEdege/edge-bar-updated.qml,edge-reveal,18125,afb35cb32a21dac4c0ca5e0818cae3c0ecfb95e0785cfcc41ad2012eea1affd7,2026-09-19T10:26:16
RiceCodeHistory/NotificationsHubW.qml,taskbars-notifications,38298,107d6b5bde812ac8215bff5ccb029097b397c042e9d3b2e1654861a1517f4fc9,2026-09-18T18:39:48
RiceCodeHistory/NotificationsHubW_bulk_patch.qml,taskbars-notifications,65109,c27fd1b9cc79de9f64dba9654e8f1cd45120e4f08bc6095d9d0b3a689b71a830,2026-09-18T20:47:58
RiceCodeHistory/NotificationsHubW_bulk_patch_v2.qml,taskbars-notifications,65827,777ff37c6c738b68c8352f05763c46313431c621e4734e82373a5308cb2fcbe4,2026-09-19T06:01:42
RiceCodeHistory/ReceiverDeck.qml,post-apollo-tv,53808,41a4582bc7ed57b0c0c726cf25d77f1391f896e67ea948f9e1c086406dc27ee6,2026-09-22T08:03:01
RiceCodeHistory/ReceiverDeck_next.qml,post-apollo-tv,47892,2100c97a90a6e458c44f10987aa5a492f9d097be58e26c81c41959ec6efbfa91,2026-09-22T07:24:16
RiceCodeHistory/ReceiverDeck_voice_call_applied.qml,post-apollo-tv,54479,dde51a7c218e8996f21ef84329bbcdf1e5012dd4a28daf79c86bd7b500f5e55b,2026-09-22T10:19:18
RiceCodeHistory/appctrl/AppControlW.qml,taskbars-appcontrol,18985,26161a00a6e4564361926ddff2e209108963fce63d4533b1d1492376bb697da5,2026-09-10T10:59:56
RiceCodeHistory/appctrl/AppControlW_accent_aware_icon_glow.qml,taskbars-appcontrol,89495,44e02c5783e0c55d095752ecc6d2189f12900725b48e1a857cea4ca5cf1b3923,2026-09-10T15:56:15
RiceCodeHistory/appctrl/AppControlW_actions.qml,taskbars-appcontrol,31865,c0f2dff83815bfeff4706922242ba7a2b2423b901fe8f0ea0f4bc1dde5140e22,2026-09-10T12:22:45
RiceCodeHistory/appctrl/AppControlW_adaptive_app_name_font.qml,taskbars-appcontrol,147562,35f8a1e3127aa9dff51e5b251f86a30ce5111093f608c45c9a17463fb41dd103,2026-09-10T23:20:05
RiceCodeHistory/appctrl/AppControlW_alignment_samples_tune.qml,taskbars-appcontrol,93073,e5e5024f96fc87c3779c4ee877c077258da9a5f304f57e7ca9f28c02b1f6a971,2026-09-10T16:20:03
RiceCodeHistory/appctrl/AppControlW_app_audio_real_toggle_fix.qml,taskbars-appcontrol,1035434,560f05cde27481eb5d1105e38c71be1ceb75cff8b72e8b6c04095673487eb2f3,2026-09-12T08:22:17
RiceCodeHistory/appctrl/AppControlW_app_bottle_alternate_run_magenta_stars.qml,taskbars-appcontrol,369851,c0db2ccff71ab1aa5ceaf5fd3ea1dd6e707c4e6bb24c23fca04d713256ed1de6,2026-09-11T05:40:31
RiceCodeHistory/appctrl/AppControlW_app_identity.qml,taskbars-appcontrol,25523,c662b3d67e2c13d62b3c3cca5adb427d0a537b018cd13dd50d4af32b85ea409f,2026-09-10T12:13:00
RiceCodeHistory/appctrl/AppControlW_app_name_glow_white_cyan.qml,taskbars-appcontrol,106697,b8b40dcec5408843c9287edec2e9fa10c41b11ebdd4801dfe49b4148008a8246,2026-09-10T20:22:47
RiceCodeHistory/appctrl/AppControlW_app_tabs_fallback_colors_order_fix.qml,taskbars-appcontrol,458846,cb26f387ab46184cb62fc723c5c4f794011a9aa4dbeb1d5c20a021e24471f0f7,2026-09-11T06:56:18
RiceCodeHistory/appctrl/AppControlW_application_control_double_icon.qml,taskbars-appcontrol,151186,da77b700dca604cab0780c8fdb40e665f41e941fa4fefbb8b67994092c594ae8,2026-09-10T23:33:19
RiceCodeHistory/appctrl/AppControlW_apps_header_metrics_fix.qml,taskbars-appcontrol,138661,c9c3c9c678961528151e32203d7acfa8c68c8f2cdaed6e97d9cf837cde7877ee,2026-09-10T22:43:37
RiceCodeHistory/appctrl/AppControlW_apps_magenta_lower_icon_samples.qml,taskbars-appcontrol,95823,92115e6ad1388a68ec89cff610bddb6f45fedd20c6884bcd8abfd5e4628b41eb,2026-09-10T16:53:43
RiceCodeHistory/appctrl/AppControlW_apps_source_shortcuts_unavailable_bottles.qml,taskbars-appcontrol,378497,883fd8eeeeddc83311941f50c2c3fbc9474b1de0f3f331972f65632cd6d67e88,2026-09-11T05:49:13
RiceCodeHistory/appctrl/AppControlW_audio_fans_discovery_sliderlabels.qml,taskbars-appcontrol,1010581,c688049de3af1508a10d65bdae3c5171d17be9be63076e5f4a70d9b8432cbb99,2026-09-12T07:51:31
RiceCodeHistory/appctrl/AppControlW_audio_scoped_fan_auth_slidertrack.qml,taskbars-appcontrol,1018279,e7bb4ac9876c9cfc526429b2d4797165c0ac8cad74057c0a4e0ce79b50e21fd6,2026-09-12T08:02:13
RiceCodeHistory/appctrl/AppControlW_black_opacity_retry_0985.qml,taskbars-appcontrol,117592,0bb6f32a5c97dddded2156afe5b4f3bc47aa70d0887d3275bbe3163e2af12b81,2026-09-10T21:07:19
RiceCodeHistory/appctrl/AppControlW_black_regions_opaque.qml,taskbars-appcontrol,117590,cc4c1ba6097c7e7e3b79f22736ed24e89bb38bef5f9f5e7c9da141227c62b88a,2026-09-10T21:03:48
RiceCodeHistory/appctrl/AppControlW_black_regions_visible_fix.qml,taskbars-appcontrol,117330,a6120149ae545113892aae93dfbdc44cd9aa0e5c0aaf5d94feca3f974771a3f3,2026-09-10T21:05:44
RiceCodeHistory/appctrl/AppControlW_button_glow_selector_header_glow.qml,taskbars-appcontrol,109060,da8904dc1668d2cd61880c1c5b2d607a1737a4c0f93685ae87c09a752d459e38,2026-09-10T20:39:04
RiceCodeHistory/appctrl/AppControlW_button_working_no_theme_icons.qml,taskbars-appcontrol,96149,f1b661eb18be13ae0fbc64d4d484b7b8988d5893ebfcdbe1ec1099ee08c34333,2026-09-10T19:44:46
RiceCodeHistory/appctrl/AppControlW_combi_graphfix_perf_visuals.qml,taskbars-appcontrol,919026,650196c927f66ab1b05f436697971fe570d18751c6279801a6ac82f3a0bc9a48,2026-09-11T22:38:07
RiceCodeHistory/appctrl/AppControlW_combi_kill_graphfix.qml,taskbars-appcontrol,913408,f6f21d716dc346acacd3c4c0629a655852b665590720e1cbc5c725716f5b27e7,2026-09-11T19:14:42
RiceCodeHistory/appctrl/AppControlW_control_favorites_direct_fix.qml,taskbars-appcontrol,423503,0292f218579d95a2d1b680e20fca71ee060452480af36da50a60a6f890840725,2026-09-11T06:18:35
RiceCodeHistory/appctrl/AppControlW_cursor_overlay_favorites_blink_fix.qml,taskbars-appcontrol,142234,b0196899ce20cdeff7753a41efbc2418f56b770ac74d0ac667d629c18558d834,2026-09-10T23:01:30
RiceCodeHistory/appctrl/AppControlW_cursor_real_replacement_irregular_blink.qml,taskbars-appcontrol,143119,46739aeffd1fa786d9edbd3c8f345b94c7a475d10f94c3b08fb815279093e231,2026-09-10T23:05:09
RiceCodeHistory/appctrl/AppControlW_cursor_star_wave.qml,taskbars-appcontrol,140523,547436283b786dd7cff0f9ba1f4d9622569da5b949bc3ca70b5d2c92009572af,2026-09-10T22:50:24
RiceCodeHistory/appctrl/AppControlW_cursor_star_wave_slower_aligned.qml,taskbars-appcontrol,140785,37216cc3deba4b6f6c74ae11d717d98233d78e1c8afdae45ca4a23e166ea3610,2026-09-10T22:51:36
RiceCodeHistory/appctrl/AppControlW_dark_info_opacity_blur_fix.qml,taskbars-appcontrol,117400,94510153c10b8d69174e9104d542b0e8e877f83c2f6b75fe53fa146a7a27b8e3,2026-09-10T21:10:55
RiceCodeHistory/appctrl/AppControlW_desktop_actions_orange.qml,taskbars-appcontrol,95463,7e3220275114c6125f0b502c63ae3e70b345c6972589c02076add14de9669294,2026-09-10T16:47:05
RiceCodeHistory/appctrl/AppControlW_detail_action_favorites_glow_keyboard_fill.qml,taskbars-appcontrol,398378,2fdf9e44a6c061ec827359c65fddb6a82cc7a4615ab12f0d46b14d7a548b951e,2026-09-11T06:07:52
RiceCodeHistory/appctrl/AppControlW_detail_color_glow_fix.qml,taskbars-appcontrol,77751,4ebe5ee49840e314d19c86f1873ccfb8410a05e9db832d582165f13e1d1367e4,2026-09-10T15:32:24
RiceCodeHistory/appctrl/AppControlW_detail_glow_structure_fix.qml,taskbars-appcontrol,78125,adf23858546894cdf69ba802a8ff92be787dd3612808d80cd1d434c55b70947c,2026-09-10T15:36:01
RiceCodeHistory/appctrl/AppControlW_detail_scroll.qml,taskbars-appcontrol,65704,8059712d41d9d0d799d38c18910c486608926d322b67683d05f0b346f09744e2,2026-09-10T14:08:16
RiceCodeHistory/appctrl/AppControlW_doubleclick_graphsync_tabs.qml,taskbars-appcontrol,968583,b59195ea05066c28589fd14efe44f0f6b3abe382732f6195f99694a4d84cd4fd,2026-09-12T07:07:51
RiceCodeHistory/appctrl/AppControlW_draggable_scrollbar.qml,taskbars-appcontrol,58545,146051e43bc43097763ca1bf13e25bb0b7e139f96cee2f788de76b6896d3b059,2026-09-10T13:52:32
RiceCodeHistory/appctrl/AppControlW_dynamic_glow_safe_grab.qml,taskbars-appcontrol,104818,3303a9988a2d212977b6aef5ac984b2402eae7f4c8d1f76bb8e7b068471f2266,2026-09-10T20:02:39
RiceCodeHistory/appctrl/AppControlW_dynamic_icon_glow.qml,taskbars-appcontrol,88182,e9cccea3f19efbfefec078d61cb1070ad86293f1de2846fe8663e052615690b6,2026-09-10T15:50:43
RiceCodeHistory/appctrl/AppControlW_fan_setpoint_audio_default.qml,taskbars-appcontrol,1029401,ccf59cd43109e8190b04182da91d14e3cd992916a6d5785ea08c847ec79f5772,2026-09-12T08:15:20
RiceCodeHistory/appctrl/AppControlW_favorite_enter_from_selector.qml,taskbars-appcontrol,424644,5e59b86781bfb17c904a1dcefaa7b1e756e1dba934807798e21889061e73550b,2026-09-11T06:22:35
RiceCodeHistory/appctrl/AppControlW_favorite_enter_in_favorites_menu.qml,taskbars-appcontrol,424880,46517cd990f32dc325427682a6aead5767a650ec382ecdd58b278e58562ed650,2026-09-11T06:24:34
RiceCodeHistory/appctrl/AppControlW_favorites_all_modes_color_stable.qml,taskbars-appcontrol,132008,b25f245c4210c2c1a51afa2d078c465d428d2e9dbd5706140c501754ac6950ff,2026-09-10T21:34:41
RiceCodeHistory/appctrl/AppControlW_favorites_fixed_orange_submode_glow.qml,taskbars-appcontrol,395608,6b9b29e3fda25aaf873df7e547fd9905cd31c4461bb18c8d8f71b49e25d5fb49,2026-09-11T06:15:04
RiceCodeHistory/appctrl/AppControlW_favorites_graphs_colors_tab_actions.qml,taskbars-appcontrol,875004,129c7b971211ce2d3a6d4a3b34cae4d3fef2727cf78a4ebaeca7456820364a61,2026-09-11T14:58:06
RiceCodeHistory/appctrl/AppControlW_favorites_info_band.qml,taskbars-appcontrol,114760,c20ca7067718920893447c23d6b7fd3c275f2240d22ce3f8c14ac32646212e2f,2026-09-10T20:46:01
RiceCodeHistory/appctrl/AppControlW_favorites_live_glyphs.qml,taskbars-appcontrol,944765,eb17fe593c778f0e394ff47299fb6ef6ce5ebd324cc256d10e85ffe55dafd45a,2026-09-12T00:51:06
RiceCodeHistory/appctrl/AppControlW_favorites_ornate_run_comma_bars_down.qml,taskbars-appcontrol,264984,520988babe3cdb9ace915b05fa234dcb42f07d5f9f08103c2a4c65ce7529e901,2026-09-11T02:56:48
RiceCodeHistory/appctrl/AppControlW_favorites_star_idle_palette.qml,taskbars-appcontrol,124246,d7da4572c57e7423216910f0dbaf3f8c9386812be3a12b48102680110613c725,2026-09-10T21:23:17
RiceCodeHistory/appctrl/AppControlW_favorites_star_palette.qml,taskbars-appcontrol,124242,5e512581abd22332e533d11ecbaada09bd2b4d80165c19bb72e0387166f7bab9,2026-09-10T21:21:10
RiceCodeHistory/appctrl/AppControlW_favorites_star_red_flash.qml,taskbars-appcontrol,125299,be9cea1bdc9500ac09049e929e97a54cb6f01d9881bc0d54f09b3e7c7607c422,2026-09-10T21:30:10
RiceCodeHistory/appctrl/AppControlW_favorites_star_system.qml,taskbars-appcontrol,123923,c87891fbe111b32353e62de66d451221e28c1c67d860944e6455ab7339fc5f51,2026-09-10T21:17:21
RiceCodeHistory/appctrl/AppControlW_favorites_star_three_state.qml,taskbars-appcontrol,125831,081848b72395ec3fda0abf4c05562aca45c0e6d70d678f956e09b8c757b0e351,2026-09-10T21:25:42
RiceCodeHistory/appctrl/AppControlW_favorites_submodes_layout_iconfix.qml,taskbars-appcontrol,1098109,fd80e27834fa43fc8401fd8bedbd3b29ae5846b9fc8b8fb173aebe979f37df0f,2026-09-12T11:16:03
RiceCodeHistory/appctrl/AppControlW_favorites_submodes_thermalcomponent.qml,taskbars-appcontrol,1087767,6fbd9bef97cd60b1c5e273abd067add36088923e9b695cda08aea69b520d9005,2026-09-12T11:02:52
RiceCodeHistory/appctrl/AppControlW_feature_finetune_v10.qml,taskbars-appcontrol,1323575,502c3e591c3724de86b0367e29be5c1aedcb9b442939e4b2cbb088e46d6985f0,2026-09-12T19:31:49
RiceCodeHistory/appctrl/AppControlW_feature_finetune_v11.qml,taskbars-appcontrol,1347283,69d048e59adb7782fb2a3fed1dee0303769791d2ee5d989d85664701e5ad4b4f,2026-09-12T20:00:46
RiceCodeHistory/appctrl/AppControlW_feature_finetune_v12.qml,taskbars-appcontrol,1352265,0f76fa2b452c032049eb74c795e40b87ac6a7abff73f39230548f8d3d4f551c6,2026-09-12T20:37:07
RiceCodeHistory/appctrl/AppControlW_feature_finetune_v13.qml,taskbars-appcontrol,1346560,00132788d6c783fb9e11c37f458b4754a591d6f169163e56a1e5a756edae4218,2026-09-12T20:53:10
RiceCodeHistory/appctrl/AppControlW_feature_finetune_v14.qml,taskbars-appcontrol,1353389,20fc9f0d9d3497221eb1d05f1dbb75565c9085bab1634c56b778f8d3a1dccd26,2026-09-12T21:07:49
RiceCodeHistory/appctrl/AppControlW_feature_finetune_v15.qml,taskbars-appcontrol,1359225,fd5340b9bf4b5687c76c2bad1a0fe24d8e52749cc0412bf39dd5c1749796d35e,2026-09-12T22:57:11
RiceCodeHistory/appctrl/AppControlW_feature_finetune_v16.qml,taskbars-appcontrol,1359453,d4677a8075b04f8dfa3464caa26db7de9ffc00b5e710a2f89e50ce5992d64c06,2026-09-12T23:02:54
RiceCodeHistory/appctrl/AppControlW_feature_finetune_v17.qml,taskbars-appcontrol,1382422,b7315abe78c378b3eef7e564a401be2d83da021d994c95baf2eaa05b8d07aacd,2026-09-12T23:10:56
RiceCodeHistory/appctrl/AppControlW_feature_finetune_v18.qml,taskbars-appcontrol,1388134,5eddc3bcb21ae0b2767736f5b4d7d00d708583b6f1238b971bf903edac316bd9,2026-09-12T23:15:42
RiceCodeHistory/appctrl/AppControlW_feature_finetune_v19.qml,taskbars-appcontrol,1395745,80c52819c620cb5d44186004cd81955ea0dd487a050b535932a795e4c0fd2f35,2026-09-12T23:35:14
RiceCodeHistory/appctrl/AppControlW_feature_finetune_v20.qml,taskbars-appcontrol,1399022,9de187ebbad61757a1a52ac36f3f4c41a33c3312c5a9e681b0b25d0874005bf8,2026-09-12T23:40:18
RiceCodeHistory/appctrl/AppControlW_feature_finetune_v21.qml,taskbars-appcontrol,1402217,e07378fa0dc842efd42d6c107dffdf09bd1b2d15287534ba2cf72b71bea22975,2026-09-12T23:47:14
RiceCodeHistory/appctrl/AppControlW_feature_finetune_v22.qml,taskbars-appcontrol,1417346,8c4f6946a6cdac12cb46059028fbfaf124bb6f88314ebde0cca923f9d77a6d16,2026-09-13T00:06:01
RiceCodeHistory/appctrl/AppControlW_feature_finetune_v23.qml,taskbars-appcontrol,1427588,c9cf7091d318c6db15cef68f14a3d472f8314d0cfdad6c9c9c2ea8de6cc6e0dc,2026-09-13T04:46:14
RiceCodeHistory/appctrl/AppControlW_feature_finetune_v24.qml,taskbars-appcontrol,1465013,e66b776fcee3885135162f7974479b2ab7da9ec30252f3865b5fd6151a11e460,2026-09-13T06:08:54
RiceCodeHistory/appctrl/AppControlW_feature_finetune_v25.qml,taskbars-appcontrol,1477047,40daf5d99380ac895f87287956aa6160211b89b95fa0fbfadb21958b79953427,2026-09-13T06:43:07
RiceCodeHistory/appctrl/AppControlW_feature_finetune_v26.qml,taskbars-appcontrol,1489853,a70ee7399c0114ce0537ba98953216f8fd8d2d2be1c1022f5dc9233fb7a61bff,2026-09-13T07:11:36
RiceCodeHistory/appctrl/AppControlW_feature_finetune_v27.qml,taskbars-appcontrol,1494466,2b24fac9877e5f23223de7919dca82063a2bddda063b3e7df56af79f417ad976,2026-09-13T07:24:32
RiceCodeHistory/appctrl/AppControlW_feature_finetune_v28.qml,taskbars-appcontrol,1511740,5c137fef3192e9ed50cd803fa23a05835ad34493443275aaa45bb9910042673a,2026-09-13T07:38:32
RiceCodeHistory/appctrl/AppControlW_feature_finetune_v29.qml,taskbars-appcontrol,1511732,011ab8b57589ed91abce27d30a8235fa97a549e0eda362e0c7dab5236a18e289,2026-09-13T07:47:12
RiceCodeHistory/appctrl/AppControlW_feature_finetune_v30.qml,taskbars-appcontrol,1512351,eae03fdd6b7e644a569b15616f2e6114a7d4a22d591a0820c0aa897b89290e9e,2026-09-13T07:56:19
RiceCodeHistory/appctrl/AppControlW_feature_finetune_v31.qml,taskbars-appcontrol,1512062,07dd06f5f06c3d36c9d0af79ba1b2a4b51699acdeb274d56ac75d1a0cf899ffa,2026-09-13T08:01:38
RiceCodeHistory/appctrl/AppControlW_feature_finetune_v32.qml,taskbars-appcontrol,1512381,946599eaca99e05486a39d26163a699ee0c3524d4f4475a409beca8f5ffebbd0,2026-09-13T08:09:01
RiceCodeHistory/appctrl/AppControlW_feature_finetune_v33.qml,taskbars-appcontrol,1523282,65d35f17ddf94a61503659aa1f1e6a858c29ba78926e07aae97f71659ba4c96e,2026-09-13T08:18:40
RiceCodeHistory/appctrl/AppControlW_feature_finetune_v34.qml,taskbars-appcontrol,1529575,40c5f2a02a45cc611cbe514025d836162151264737aedc224039d48dce94c65e,2026-09-13T08:26:54
RiceCodeHistory/appctrl/AppControlW_feature_finetune_v35.qml,taskbars-appcontrol,1537311,cd1710742228d934f055f846a3f9173039d45eb5491f4dd8aa5d7173575451c4,2026-09-13T09:06:12
RiceCodeHistory/appctrl/AppControlW_feature_finetune_v36.qml,taskbars-appcontrol,1546404,bf2badf17cdd1c882e9c8b385a8f4bf8e42fd14787f62ce0209a3b270e841e07,2026-09-13T09:55:39
RiceCodeHistory/appctrl/AppControlW_feature_finetune_v37.qml,taskbars-appcontrol,1594218,ac870cf9d6e8f4d1d90b324348fc953722268c6ddb086f1d6b65f8112d539ec9,2026-09-13T11:22:47
RiceCodeHistory/appctrl/AppControlW_feature_finetune_v38.qml,taskbars-appcontrol,1597224,7a943feccb197dd090f78c391f2d7c2971c6bce8b94e825ebeab333591aba13b,2026-09-13T15:28:28
RiceCodeHistory/appctrl/AppControlW_feature_finetune_v39.qml,taskbars-appcontrol,1599317,9bf7467cc36f415d6e3310fa034154551642e7e763449f53f2d997032de18a0e,2026-09-13T16:15:20
RiceCodeHistory/appctrl/AppControlW_feature_finetune_v40.qml,taskbars-appcontrol,1602219,6ad8e018fec23afff90f28f062a610a60c72e722647995d998c910c51441d363,2026-09-13T16:30:57
RiceCodeHistory/appctrl/AppControlW_feature_finetune_v41.qml,taskbars-appcontrol,1612797,66ac9ed44143cb8e67f1b6beb649798e249a3f04a2c370029f91b4eb6e02d39a,2026-09-13T16:38:53
RiceCodeHistory/appctrl/AppControlW_feature_finetune_v5.qml,taskbars-appcontrol,1285614,746849d98d8b51ea9e61e5ae1da7dc6162c7c25350191b71726efad4cc9fd097,2026-09-12T17:05:37
RiceCodeHistory/appctrl/AppControlW_feature_finetune_v6.qml,taskbars-appcontrol,1285842,65f56c1312de6a2f13748bf6ae1b06bf9e44cf38843af6d4dbd118791856b03e,2026-09-12T17:24:28
RiceCodeHistory/appctrl/AppControlW_feature_finetune_v7.qml,taskbars-appcontrol,1285091,799b08987cced74d73b8722748e485a299836ce7de2e83f9b68e18d5dadc58f9,2026-09-12T17:34:10
RiceCodeHistory/appctrl/AppControlW_feature_finetune_v8.qml,taskbars-appcontrol,1303653,4fc0d5f0bee438ca36917acbc6a978fac80dc3cbf543342d4d1e7dff635c3030,2026-09-12T18:00:57
RiceCodeHistory/appctrl/AppControlW_feature_finetune_v9.qml,taskbars-appcontrol,1317903,9b2fb91ad0fa6d994139a5c39d3b94868b84d521283e9fd8ed629b99c10d76f9,2026-09-12T18:23:56
RiceCodeHistory/appctrl/AppControlW_fixed_selector_header_layout.qml,taskbars-appcontrol,137617,d93ddad828fb80445c5ec56a1d661bb012bf2b560020db287073fba59f044dbb,2026-09-10T22:47:27
RiceCodeHistory/appctrl/AppControlW_flatpak_normal_and_window_tabs.qml,taskbars-appcontrol,435187,da856d9721ed176a381362f776987a1e9792929dc3beeecbdbf00f952f85e5ee,2026-09-11T06:31:38
RiceCodeHistory/appctrl/AppControlW_float_cyan_center_order_favgraph.qml,taskbars-appcontrol,935098,3b08e4e2ac486aae0a44f7ea96002aa63a52bfb14b1a8cc0c700199ad5e219db,2026-09-11T23:30:19
RiceCodeHistory/appctrl/AppControlW_gap_opacity_icon_tweak.qml,taskbars-appcontrol,76824,4e076b04a42617a245c15860f6e71c5268e4ed7bb14b09d73583e701d64a1ccb,2026-09-10T15:08:19
RiceCodeHistory/appctrl/AppControlW_glow_and_dividers.qml,taskbars-appcontrol,54190,bfb332b445c8c32ac51da61973641406a30c800065bb65911729e193e3c50a7a,2026-09-10T13:43:21
RiceCodeHistory/appctrl/AppControlW_glow_boost_kill_subname_white.qml,taskbars-appcontrol,341123,71a83ff69b74bbff70c6aef982e76e0f9c9901702c1358bfacae18787a0b6c3a,2026-09-11T04:58:22
RiceCodeHistory/appctrl/AppControlW_glow_consistency_fix.qml,taskbars-appcontrol,73773,c5eef97af901293f3c35c47291dfab4557f9586e8137f680efe9175e0ba716e1,2026-09-10T14:37:54
RiceCodeHistory/appctrl/AppControlW_glow_scroll_stability.qml,taskbars-appcontrol,928648,aaff8e19417a076b13568e349802fe4a7b6300ee23c950c4cca8d79066fc0b34,2026-09-11T22:53:42
RiceCodeHistory/appctrl/AppControlW_glow_structure_samples_fix.qml,taskbars-appcontrol,92778,ae024708d8eac29a73033afd0ac6431ed5cbb8cf562e310d3b601b8cc88941b2,2026-09-10T16:14:11
RiceCodeHistory/appctrl/AppControlW_glow_sync_gray_htop_fix.qml,taskbars-appcontrol,105844,e5132f16d99ef772a5e40803bb5cd6cf7ab6158f8fbb7ad4d744dc2239014320,2026-09-10T20:09:19
RiceCodeHistory/appctrl/AppControlW_graph_fill_favorites_live.qml,taskbars-appcontrol,939697,24065714d8d72e5ab4062b699e1d42622454d5b80e1e89b3b9082f2fa1f84ddc,2026-09-12T00:24:40
RiceCodeHistory/appctrl/AppControlW_graph_qml_segments.qml,taskbars-appcontrol,935160,0d099c5486c242e79ebe38a69d48e2cf1aafbf927f5e8473fe780d393a519b83,2026-09-12T00:17:11
RiceCodeHistory/appctrl/AppControlW_graph_subsystem_fix.qml,taskbars-appcontrol,936608,8b5bc7a0b9c3ce643e6730853cfbd9e8e1dda859945bef724347898170e2d59e,2026-09-11T23:39:44
RiceCodeHistory/appctrl/AppControlW_graphs_colors_parsefix.qml,taskbars-appcontrol,870440,81075b0c8f0103eaeb951c9d9d0bd2359a6be4fe2ad0e81ad087664a8f66504c,2026-09-11T14:12:22
RiceCodeHistory/appctrl/AppControlW_grid_alignment_icon_samples.qml,taskbars-appcontrol,94809,d52857f0e2be28296125462a9cb7368e35467b1a1bea442f5d50a017c98b05ec,2026-09-10T16:24:48
RiceCodeHistory/appctrl/AppControlW_header_cursor_idle_blink.qml,taskbars-appcontrol,136998,3324fab010a2f7483db55fb84f3df7f6e8d61a956886b64cfaba2fc5f2cb4813,2026-09-10T22:33:42
RiceCodeHistory/appctrl/AppControlW_header_icon_launch_glow_tune.qml,taskbars-appcontrol,95415,cf7381e5ee721f32e359e7578295e5d17b8c2647114ac60dcc389720a25c63db,2026-09-10T16:42:08
RiceCodeHistory/appctrl/AppControlW_headers_thermal_fan_unified.qml,taskbars-appcontrol,1068692,9f1555288fd13a27d2e5843d8a347a66946305dde07a51d68c00619204bcd81d,2026-09-12T10:34:03
RiceCodeHistory/appctrl/AppControlW_hidden_blink_submode_glow_refined.qml,taskbars-appcontrol,742912,00bb6ad78a61ac451b96334c9734d78caee8dec7f94d508165f2a903a693ff6d,2026-09-11T11:36:21
RiceCodeHistory/appctrl/AppControlW_hidden_overlay_mute_toolbox_fix.qml,taskbars-appcontrol,755170,d9408a55c484513acf8591110e436db2f53f800fc5b6a65a25e748b6f16597ab,2026-09-11T11:58:39
RiceCodeHistory/appctrl/AppControlW_hidden_thermal_glow_controls_final.qml,taskbars-appcontrol,688540,092dc534a9273b3a337dc92eea4bd47f36c32e9d31f42b4ef1c59e06c4821092,2026-09-11T10:01:31
RiceCodeHistory/appctrl/AppControlW_hint_and_idle_text_glow_fix.qml,taskbars-appcontrol,78366,9e4191d95c6fd10dcca9c9b77d624fef1d0dd0582b18dece679c80bda4ff906f,2026-09-10T15:38:54
RiceCodeHistory/appctrl/AppControlW_hunter_mice_safety_fix.qml,taskbars-appcontrol,1156996,e69abfeb1777da93b1226db645f7341f89b6f46f968f7702c6ace131569d6fc5,2026-09-12T13:05:47
RiceCodeHistory/appctrl/AppControlW_hybrid_real_tabs_header_alignment.qml,taskbars-appcontrol,480341,3c42bcbeebea550b0d711d68efe9f9ed3ab862baf238d3c6101f4e605e01651f,2026-09-11T07:05:45
RiceCodeHistory/appctrl/AppControlW_icon_glow_and_hint_fix.qml,taskbars-appcontrol,80741,4d2c052c6ccb32dd4a39dcebc4d99f317017bc8475bd8fd27dd3de078753a426,2026-09-10T15:43:46
RiceCodeHistory/appctrl/AppControlW_icon_glow_red_obsidian_fix.qml,taskbars-appcontrol,89883,18fa64d6fd030b81d05e7f3f39189dabc6345185f878472421e2e32d8803b39f,2026-09-10T16:00:29
RiceCodeHistory/appctrl/AppControlW_icon_glow_thermal_fan_refine.qml,taskbars-appcontrol,1058370,077b31db637a3d8a1a7f3ca51d39fe45084b5dc8b3ed1e146d3afbe408d6b97d,2026-09-12T09:25:51
RiceCodeHistory/appctrl/AppControlW_icon_samples_transparency_fix.qml,taskbars-appcontrol,96069,349b9019eb5d260a2974fdc6d02877cf99d7c54654de7fd116547808b8d58dab,2026-09-10T16:56:29
RiceCodeHistory/appctrl/AppControlW_icons_restored_safe_test.qml,taskbars-appcontrol,92077,e42b32c3426a7c80cfaf28fd83dea460e8cd593d7275d27733548d17e72c9d75,2026-09-10T19:59:42
RiceCodeHistory/appctrl/AppControlW_icons_slider_glow_graphsync.qml,taskbars-appcontrol,1065698,ef9d4da1ef9607afa72577d8397dc650485f64757622e3a7d9cfe7aeae0999a1,2026-09-12T10:05:47
RiceCodeHistory/appctrl/AppControlW_info_band_balanced_blur.qml,taskbars-appcontrol,117590,07cdf4e950d678df2b08fd53ae0bb1f2258857de3cd0d1a7e1a8a904bf959580,2026-09-10T20:58:18
RiceCodeHistory/appctrl/AppControlW_info_band_dense_center.qml,taskbars-appcontrol,118032,b0e2ce81e63bb2c4765c6c92ca725a68e348d29dee729388c5f23345c4596578,2026-09-10T21:01:07
RiceCodeHistory/appctrl/AppControlW_info_band_expanded_090.qml,taskbars-appcontrol,115227,dea119b868cc48cc6ab645ad91bbbeb1275a1ad847ddc9f49fa0ca4b6ae99dd4,2026-09-10T20:49:54
RiceCodeHistory/appctrl/AppControlW_info_band_opacity_086.qml,taskbars-appcontrol,117590,f66779c543688220794670d8ffde35a1fcab492bb5002c7c9d2f334afad862f1,2026-09-10T20:59:42
RiceCodeHistory/appctrl/AppControlW_info_band_real_transparency_blur.qml,taskbars-appcontrol,117591,30c529a42096b492e8027db85797781baa2296ced3352afd347378b12e9fcd4a,2026-09-10T20:57:19
RiceCodeHistory/appctrl/AppControlW_info_band_soft_edges_080.qml,taskbars-appcontrol,116223,8c9fe37ec798c1b23faae8844302f1002bba2938fb0c6345128a3986a5eefa90,2026-09-10T20:54:43
RiceCodeHistory/appctrl/AppControlW_info_band_to_running_divider.qml,taskbars-appcontrol,115729,d160f6bc15ba55176a5ea37ef06921aaafd16b2fd37fcef10485ac0b1057f6b6,2026-09-10T20:52:53
RiceCodeHistory/appctrl/AppControlW_keyboard_actions.qml,taskbars-appcontrol,47161,c5a623cc7a57161620c3fab3da690b0bdae7a05be11575a766eb2a7767808198,2026-09-10T13:00:55
RiceCodeHistory/appctrl/AppControlW_kill_modes_soft_glow_fixed.qml,taskbars-appcontrol,579913,7b4d194c859db10f84f8604903e1276dd3425144fb42120b787476778e5b71bf,2026-09-11T07:49:41
RiceCodeHistory/appctrl/AppControlW_kill_normal_hunter_limit_slider.qml,taskbars-appcontrol,1135218,c479523989e849d6a9fa2cc777c48e6793cd17c5fd13d4d6c442bc7f58236738,2026-09-12T12:33:36
RiceCodeHistory/appctrl/AppControlW_kill_rootcause_fix_v4.qml,taskbars-appcontrol,1267023,395e6ef699a3349b4c94bbc0ad5560f3eb7ed8478fa5798b475c8fe72e05f8ef,2026-09-12T16:36:15
RiceCodeHistory/appctrl/AppControlW_kill_submode_crash_hardened.qml,taskbars-appcontrol,1264727,2417adfd8b5609378671d0542b78e7ab6ce43c625268b6e1d962ab06fc0869bb,2026-09-12T16:18:40
RiceCodeHistory/appctrl/AppControlW_kill_submode_rowsmoved_fix_v2.qml,taskbars-appcontrol,1266860,fc11e9ad39106c68fe30f5eea3c8fb01ba3a0cf49c00b8069c80886d108da913,2026-09-12T16:24:18
RiceCodeHistory/appctrl/AppControlW_kill_submode_window_lifetime_fix_v3.qml,taskbars-appcontrol,1266874,d326df0aaf22d3e7ac96734c8c671ef2c0079743cc7eee8e0adfac50e1af14ce,2026-09-12T16:27:47
RiceCodeHistory/appctrl/AppControlW_kill_task_manager.qml,taskbars-appcontrol,521520,de5b7b6e6f8292039a2558dd2d0b3de2258086d0f4a3e09c654841b77670fbe9,2026-09-11T07:18:58
RiceCodeHistory/appctrl/AppControlW_kill_watch_submode_icons.qml,taskbars-appcontrol,742601,9edca2b4062d78a61b24da1bd42dd72feda7aa2611ffccf70f9f9b82082b9764,2026-09-11T11:23:37
RiceCodeHistory/appctrl/AppControlW_line_glow_running_divider_magenta.qml,taskbars-appcontrol,108440,1d532007d27ffb7d00c88370a7eeabe0c1da1330448e2440a5cb4284f218b91a,2026-09-10T20:34:13
RiceCodeHistory/appctrl/AppControlW_micro_glow_and_input.qml,taskbars-appcontrol,71694,aef596e1b40d207e9c29c034166a13253f834c13d4cbb5623d4e73d639bb3cc8,2026-09-10T14:20:39
RiceCodeHistory/appctrl/AppControlW_micro_glow_fix.qml,taskbars-appcontrol,73265,67bb5516cd0456b50d3a8011c5d04765fc57de7a9993996aba97658fe5f1e55d,2026-09-10T14:32:30
RiceCodeHistory/appctrl/AppControlW_mini_fill_favorites_selection_fix.qml,taskbars-appcontrol,943042,86053ab888b286574f9c8adb15eda4c9a4c71909772a01df327b32fd6b4dbe0a,2026-09-12T00:29:47
RiceCodeHistory/appctrl/AppControlW_minigraph_instant_cpu_clip.qml,taskbars-appcontrol,949096,25050d584d8b112f520c88dbb0dd6a95bbfad709f63e127c6b893bb8676e8100,2026-09-12T01:17:58
RiceCodeHistory/appctrl/AppControlW_minigraph_preloaded.qml,taskbars-appcontrol,951560,5a77d9a8d4a7daf1dc7a6645548b1f7b291e83af212741ec3c43adda776aa906,2026-09-12T06:28:25
RiceCodeHistory/appctrl/AppControlW_minigraph_startup_fillfix.qml,taskbars-appcontrol,950889,13a32dd1b38872b54aa1cf5b0d349015a0ed2c31430b6d0c76d55a62adfb4028,2026-09-12T06:22:00
RiceCodeHistory/appctrl/AppControlW_minigraph_startup_icons.qml,taskbars-appcontrol,949827,74a4176380bdb20248ca7a55d9a10fd4740f70d974dafced0f153636c37ed8b8,2026-09-12T06:11:31
RiceCodeHistory/appctrl/AppControlW_modd_ipc_lower_icon_samples.qml,taskbars-appcontrol,152010,fd6760fa63f0bd1a307e9c1081419ae364f9a8af4ea1ff5da6c93993b8303d1f,2026-09-10T23:50:44
RiceCodeHistory/appctrl/AppControlW_mode_glow_scroll_gutter_fix.qml,taskbars-appcontrol,74165,ab053f9e5075d322827eebe1ca0d82cdfdc58148389dee3e5f5e0a117149b8d3,2026-09-10T14:41:50
RiceCodeHistory/appctrl/AppControlW_mode_memory_volume_glowfix.qml,taskbars-appcontrol,996641,c39c39a1f28eb2a05da9d59d697d9c3a194f70a5c93f0fd7579d5f496eb80155,2026-09-12T07:21:29
RiceCodeHistory/appctrl/AppControlW_mode_scroll_header_tweak.qml,taskbars-appcontrol,74740,bb8cfaef17485e3b4c6ed0fc1ecec161f198bd7481878f1dcf4b44819bbab1a3,2026-09-10T14:53:49
RiceCodeHistory/appctrl/AppControlW_monitor_suite_complete.qml,taskbars-appcontrol,661019,6486695d3a4454bf21891cad1b64ae424c3b89387ac0a87724ebf2f4cf42c3a0,2026-09-11T08:32:54
RiceCodeHistory/appctrl/AppControlW_mouse_keyboard_arbitration.qml,taskbars-appcontrol,51890,7f5b208157f42001460ed6d518f02d926cc1f9b48364a5bad54553ed90f01c9d,2026-09-10T13:28:52
RiceCodeHistory/appctrl/AppControlW_navigation_fix.qml,taskbars-appcontrol,50246,96e0e8e5e55da3a8f5b55ea6146962ed908cc01c7c5e442980b77a0f730e93f9,2026-09-10T13:11:45
RiceCodeHistory/appctrl/AppControlW_no_theme_icon_provider.qml,taskbars-appcontrol,97051,a5f750e18d56c563b063e5c81a4ddbb99e2015bd88894160616e2817016c36c4,2026-09-10T17:52:58
RiceCodeHistory/appctrl/AppControlW_opacity_input_cursor_tune.qml,taskbars-appcontrol,96065,00ffc64b9079360ada7b3c058e1430f7cb201340d5724cb2270d8173b95250b3,2026-09-10T16:59:52
RiceCodeHistory/appctrl/AppControlW_opacity_input_header_scrollgap_fix.qml,taskbars-appcontrol,95621,afb1585809a31c738711e77b6177fbfda39b5ba510bf7abd96fcfae2f4293e30,2026-09-10T17:06:10
RiceCodeHistory/appctrl/AppControlW_orange_glow_scrollbar.qml,taskbars-appcontrol,55380,228062fc493cbbc4d24f8c882c7384dc2498b501cd766250009f0185d2a72e01,2026-09-10T13:47:01
RiceCodeHistory/appctrl/AppControlW_perapp_audio_fan_verified.qml,taskbars-appcontrol,1025361,aa5fab293b32b7074124659205d0f3ff3c296d2003d57cb56d63e482c19ad420,2026-09-12T08:08:53
RiceCodeHistory/appctrl/AppControlW_persistent_window_ipc.qml,taskbars-appcontrol,97169,222c09cf0c2a1fa9d9b6582ace0c9a83d25fb9c20b93fc256422cbfb5b7caba4,2026-09-10T17:22:52
RiceCodeHistory/appctrl/AppControlW_pick_an_app_header.qml,taskbars-appcontrol,133478,0dd2c5edabbb616c501034562dda83e1440b233614217b3c9288d59ca451abf5,2026-09-10T22:14:33
RiceCodeHistory/appctrl/AppControlW_pick_header_custom_cursor.qml,taskbars-appcontrol,134450,7273b3c6c20ad45927fc893658ad6fabbd5a33fbd106a649a224f413694de043,2026-09-10T22:28:22
RiceCodeHistory/appctrl/AppControlW_pick_text_lower_2px.qml,taskbars-appcontrol,150005,1c4c67f78c8d2dd92c0e0dbef1612f8ce834d1fdeeb5b3b113879eccc1f1f5f7,2026-09-10T23:27:44
RiceCodeHistory/appctrl/AppControlW_pick_text_lower_4px_panel_header.qml,taskbars-appcontrol,150011,cf07b87ca701774875d2ba8835626311079594c049a04c708626f72fe58ae3ab,2026-09-10T23:29:17
RiceCodeHistory/appctrl/AppControlW_pick_title_glow_divider_cursor_up.qml,taskbars-appcontrol,143927,ae4290fdb74289b6d041ac3fb9b7ce144f9bf735c2ceddb3201f9326e6a213b6,2026-09-10T23:08:18
RiceCodeHistory/appctrl/AppControlW_real_atspi_tabs_magenta_header_cyan_windows.qml,taskbars-appcontrol,472367,031e3d7d81d6950ff885ea509a60ca8098478a13be9f076e0e02f331794e1834,2026-09-11T07:01:11
RiceCodeHistory/appctrl/AppControlW_recovery_no_ipc.qml,taskbars-appcontrol,95880,13aae5f4c740addeaf0612991f50d761974bb0900e5c919f3002a2448aac6016,2026-09-10T17:26:41
RiceCodeHistory/appctrl/AppControlW_rofi_spacing_glow_tune.qml,taskbars-appcontrol,71477,171ec1f48e4bbf39a06a9d19ff0c3fddd24d08666b3ec8a2521353893983a93e,2026-09-10T14:28:13
RiceCodeHistory/appctrl/AppControlW_run_alternate_kitty_action.qml,taskbars-appcontrol,209342,3b541d2c877a9dfa56689864cbc03a424552761899193a135b4433e7e7ebc532,2026-09-11T00:47:16
RiceCodeHistory/appctrl/AppControlW_run_command_control_centered_header.qml,taskbars-appcontrol,258935,6defbf9cdeb5f1eb960287f6475800f1e29c7a7e36f9b85eaf25ef6b1eaa770c,2026-09-11T02:31:05
RiceCodeHistory/appctrl/AppControlW_run_command_state_tighter_header.qml,taskbars-appcontrol,259717,eeb649df301cdc67cfdade1d3e4f2c37632b769eb7ea97254476cc914b2a436b,2026-09-11T02:36:10
RiceCodeHistory/appctrl/AppControlW_run_conditional_kill_action.qml,taskbars-appcontrol,247592,77848d1f1b3d4a026c88540d22aa536b6dfeec86d398902ba77ad6c719aa30f5,2026-09-11T01:52:30
RiceCodeHistory/appctrl/AppControlW_run_float_fullhouse_fullscreen.qml,taskbars-appcontrol,227214,54b121f3c4f098984a066e2fd2de74555e05e3cc6bb3d6ed5196a86095343c22,2026-09-11T01:22:37
RiceCodeHistory/appctrl/AppControlW_run_float_fullscreen_actions.qml,taskbars-appcontrol,227198,81f1075ad87b827e5cf73f9a3a19de9ddb4701cf95626ad0e4864575a3e82ad4,2026-09-11T01:14:49
RiceCodeHistory/appctrl/AppControlW_run_float_kitty_action.qml,taskbars-appcontrol,221792,22195b965a269abede8f24b9216345d044051954444c07242eed327740f14cf9,2026-09-11T01:08:52
RiceCodeHistory/appctrl/AppControlW_run_glow_mirrored_tighter_states.qml,taskbars-appcontrol,264043,c3cadbe05076ae69ddaa361c7cf08f9db227e3344e21989f48ecf4ac8badab7e,2026-09-11T02:48:47
RiceCodeHistory/appctrl/AppControlW_run_kill_always_visible_face_fix.qml,taskbars-appcontrol,253793,19da82bb43bbfb377561058449a709a557763752dbc3fa6da62843939786eaef,2026-09-11T02:04:46
RiceCodeHistory/appctrl/AppControlW_run_kill_icon_states_fixed.qml,taskbars-appcontrol,255335,2a99ecbbe4504b8f6095c7604d1ac032e63004ca78b525d1888cacf6d7d982de,2026-09-11T02:19:01
RiceCodeHistory/appctrl/AppControlW_run_kill_new_gun_prefix_fix.qml,taskbars-appcontrol,255984,208e3eb79afa754a2c5e0ff69ab99f6885b9d86b5293948436c6e6409976e758,2026-09-11T02:24:47
RiceCodeHistory/appctrl/AppControlW_run_kill_probe_face_fix.qml,taskbars-appcontrol,252269,925a3e34c2271e3fae8aa9c2941db69e14ca3387be68450d19243e80ef1352b6,2026-09-11T02:00:17
RiceCodeHistory/appctrl/AppControlW_run_kill_script_target_fix.qml,taskbars-appcontrol,254848,29116a2404ddff53408c713531c58088f9e1de23e3a927ad6213390b28c0dcb0,2026-09-11T02:07:25
RiceCodeHistory/appctrl/AppControlW_run_kill_stays_open.qml,taskbars-appcontrol,255273,3bb92f3ff28b93209446ba11b377465681474c9e4b23ccf79ba0a523cf7f244b,2026-09-11T02:10:47
RiceCodeHistory/appctrl/AppControlW_run_mode_real_favorites_dispatch.qml,taskbars-appcontrol,171757,77893ea9f6a2f5b37e4e1b0af9fa2ad9230eb019488600ea303211326f68ea97,2026-09-11T00:14:38
RiceCodeHistory/appctrl/AppControlW_run_ornate_header_states_higher.qml,taskbars-appcontrol,264517,5270c4c31597143f695b8df09647b86d8c998cb6ece9d476ea06a0bc71ae7531,2026-09-11T02:52:43
RiceCodeHistory/appctrl/AppControlW_run_prefix_selector_kitty.qml,taskbars-appcontrol,189448,92da462b24eb541a08936992523652621802ce401288cacead3b9f8d72b51754,2026-09-11T00:30:44
RiceCodeHistory/appctrl/AppControlW_run_system_favorites_hotkeys_doubleblink.qml,taskbars-appcontrol,216001,30eae3cc249c2014f346da134578a7831e3fa3ce84f3aa36838eefd42e371a1e,2026-09-11T00:57:25
RiceCodeHistory/appctrl/AppControlW_run_terminal_prompt_orange_stars.qml,taskbars-appcontrol,266870,a890d9bcd45a0afd2db24a5a2655f2f8e474ed34caadd671f41023bcc7386d70,2026-09-11T03:11:04
RiceCodeHistory/appctrl/AppControlW_run_user_all_selector.qml,taskbars-appcontrol,203753,d4e0155fa41383bc5de83aada2cb746d776a00ca99e3fc1aec303df9909c5069,2026-09-11T00:41:21
RiceCodeHistory/appctrl/AppControlW_run_user_terminal_system.qml,taskbars-appcontrol,236409,aae54fa7b34b8b15a6ce50c9c13f0910bf2e6f85310d511e626383a9d3088b80,2026-09-11T01:35:10
RiceCodeHistory/appctrl/AppControlW_running_clip_text_glow_tune.qml,taskbars-appcontrol,93133,f8b5aab94841a0109b00bcba165ca1500bb3d74abf895de793fc196e765398cb,2026-09-10T16:11:17
RiceCodeHistory/appctrl/AppControlW_running_glow_hierarchy.qml,taskbars-appcontrol,95416,8073326d1ff37f981201f62ffc171efcfa3e0b2757847256ae044ded8bae21fe,2026-09-10T16:31:19
RiceCodeHistory/appctrl/AppControlW_running_state.qml,taskbars-appcontrol,41170,dd3bde5104dc11cfb26f3ab9948414113de53ef7f4a4767f19ced559c5d279e5,2026-09-10T12:38:36
RiceCodeHistory/appctrl/AppControlW_running_state_color_tune.qml,taskbars-appcontrol,151190,c59592c158aae6da5640e7c6874c90fb8a7c2b026978c515fdbbb7af9516d1bf,2026-09-10T23:47:17
RiceCodeHistory/appctrl/AppControlW_running_state_colored.qml,taskbars-appcontrol,43247,065eaa1090d687e1353eea393ac58ad077a91db8338b926da5608772ad9051ca,2026-09-10T12:51:20
RiceCodeHistory/appctrl/AppControlW_runningline_sliderfix.qml,taskbars-appcontrol,996831,307d2a83cf456e2f8221796321210c1dad846526ee7b73212b8a98182dcd6124,2026-09-12T07:33:46
RiceCodeHistory/appctrl/AppControlW_scoped_detail_scroll.qml,taskbars-appcontrol,66605,c6b29d29f0fbc8b27136c0a80c8432e92c3e6f58aa876ce9e2c93ec018a5558d,2026-09-10T14:13:51
RiceCodeHistory/appctrl/AppControlW_scroll_fix_v2.qml,taskbars-appcontrol,51206,deb38b38702a4652ba844549b30161a8faff3c51ca2371f8188305032b38c407,2026-09-10T13:15:51
RiceCodeHistory/appctrl/AppControlW_scroll_fix_v3.qml,taskbars-appcontrol,53075,42b7b045c43db38db195fb5b4bb07efa613d7697a162c3c94de4ad5ba7f49ac6,2026-09-10T13:22:04
RiceCodeHistory/appctrl/AppControlW_scroll_fix_v4.qml,taskbars-appcontrol,50681,5f4e46053864878478f9ebd7e5a910f2ef97944ea5846d0d225595c5546be7b6,2026-09-10T13:25:44
RiceCodeHistory/appctrl/AppControlW_selection_yellow_glow_pass.qml,taskbars-appcontrol,335227,ca7909476aa319251ee57fd7bd1dba0e741872c924790a64cb22d352e51dff0a,2026-09-11T04:51:20
RiceCodeHistory/appctrl/AppControlW_selector_depth_glow_margin_fix.qml,taskbars-appcontrol,74406,0cf89c19562ee319adcf7ba258209a1f26a26ecf322161f5b8bc63394892086c,2026-09-10T14:47:00
RiceCodeHistory/appctrl/AppControlW_selector_fixed_detail_scaling_decor_glow.qml,taskbars-appcontrol,149945,6f44a832e0d99df0c6b650746abcfb56a4343ca183432fcf8b5d1fa68ebddbd2,2026-09-10T23:22:47
RiceCodeHistory/appctrl/AppControlW_selector_gap_only_fix.qml,taskbars-appcontrol,90766,cac545143dca069108be8aa28b5a383ab2fceff6fbe2c7f5cddd174b3edb78ec,2026-09-10T16:04:54
RiceCodeHistory/appctrl/AppControlW_selector_glow_bottles_sync_fix.qml,taskbars-appcontrol,133306,206c56eeb592fc443f3b2a414bdb35d0ed869ccec1a3cf0b074f719f81419dfd,2026-09-10T22:08:26
RiceCodeHistory/appctrl/AppControlW_selector_header_aligned_smaller.qml,taskbars-appcontrol,134680,e89b2e76f7072b12ba09bc36e2256a9088b7299fcbbee53549759f474846014d,2026-09-10T22:30:30
RiceCodeHistory/appctrl/AppControlW_shift_tab_fix.qml,taskbars-appcontrol,59773,b9ac0504a9c76fef56929975b3cc214d9e944e0da06322e074b92581bef164f3,2026-09-10T14:02:12
RiceCodeHistory/appctrl/AppControlW_stable_window_lifecycle.qml,taskbars-appcontrol,96572,823616997433fbdefad94a3df647e5b6899fa1bdaaa891556e2df6e05e57a07d,2026-09-10T17:30:02
RiceCodeHistory/appctrl/AppControlW_submode_glyphs_hiddenblink_tabnew.qml,taskbars-appcontrol,945859,59ce1fc084e99a6301167000f319df964602b2e900fbeca0f97d6437387c2a5b,2026-09-12T01:10:21
RiceCodeHistory/appctrl/AppControlW_submode_no_grey_fix.qml,taskbars-appcontrol,738698,2be441d3c3ed90b873e8c5e1104591b16d8ffe8961133321ecf950ecae899cc4,2026-09-11T11:42:41
RiceCodeHistory/appctrl/AppControlW_submode_render_and_icons_fix.qml,taskbars-appcontrol,744570,715ce7b89964d3b7e74fe93a8730a80edba6d07523c0842721cf4964114b7b6d,2026-09-11T11:46:31
RiceCodeHistory/appctrl/AppControlW_submodes_favorites_hidden_actions.qml,taskbars-appcontrol,709865,094e65ee1572348ace8ecf0208b151b03acbf105cb6fc4be23aa0e979846e7cf,2026-09-11T10:24:10
RiceCodeHistory/appctrl/AppControlW_swapped_running_glow_icon_samples.qml,taskbars-appcontrol,95416,59807d7b8e47bb97029b5cb35ad56bed265dc1e11d175c22277bbddcecfcbd32,2026-09-10T16:37:08
RiceCodeHistory/appctrl/AppControlW_sway_ipc.qml,taskbars-appcontrol,96389,ea4e6176b923d6a10d1e0db7fc1909890b52bfc91243e41d9da11340d4214857,2026-09-10T17:14:35
RiceCodeHistory/appctrl/AppControlW_sway_ipc_safe_toggle.qml,taskbars-appcontrol,96804,d901a91b94dc87f919775a8ec55adff7b9327029c1da6a2db236af6e3e4e8efa,2026-09-10T17:20:22
RiceCodeHistory/appctrl/AppControlW_symmetric_gap_top_glow_fix.qml,taskbars-appcontrol,77429,4c75d41a05b91ddd6834405c0cc5be40b6a65c24ae5074943d14be7d7d30a0b8,2026-09-10T15:13:37
RiceCodeHistory/appctrl/AppControlW_system_controls_thermal_fc_flatpack.qml,taskbars-appcontrol,681265,dd0407f02c88939e85a61a3fe2fca6479af55f79bde9e36a9ce55565f0fc1d69,2026-09-11T09:27:10
RiceCodeHistory/appctrl/AppControlW_system_icons_flatpak_fix.qml,taskbars-appcontrol,1060023,65db440650803d816ccf8fd677c8c2abad00ec5213f9b2042e6cfd586aedfd9b,2026-09-12T09:47:16
RiceCodeHistory/appctrl/AppControlW_system_icons_glow_thermal_tight.qml,taskbars-appcontrol,1065878,2908f5f72578f6c97a2bd4eedcdbf53d9d69c87db9654f7ac4aa00c5f76d88ac,2026-09-12T10:18:14
RiceCodeHistory/appctrl/AppControlW_tab_and_bars.qml,taskbars-appcontrol,59677,0911078b0ce1c8e29f809a6a43c3e032c7ee2e2b1cf701d647381a2551cd6b47,2026-09-10T13:59:43
RiceCodeHistory/appctrl/AppControlW_tab_indicator_glow_tweak.qml,taskbars-appcontrol,76774,7646697a65327d9481f826e9073ee31c9b2d83d8e5f3b267b59830ae4e22b25d,2026-09-10T15:03:24
RiceCodeHistory/appctrl/AppControlW_tabmute_dragfix.qml,taskbars-appcontrol,1041288,d0a0d978c015446a24f79d0d608db3f7ba052275d7b3dd508766c10291aaaacf,2026-09-12T08:31:47
RiceCodeHistory/appctrl/AppControlW_tabs_cache_fix.qml,taskbars-appcontrol,776468,9d2e5bc243adb7c3e623029270de701d94ff722091b052bec84d63d8823d6e48,2026-09-11T12:14:23
RiceCodeHistory/appctrl/AppControlW_tabs_controls_panel.qml,taskbars-appcontrol,860287,57f3318559abfbf363545414b362fb8143f8d42b7fd16f1af8a1329b5e535712,2026-09-11T13:44:48
RiceCodeHistory/appctrl/AppControlW_tabs_controls_panel_vscode_split.qml,taskbars-appcontrol,862826,44335958af72ea4398de64025b572d6bbe4c8f4c67b99336546f9ae6e449684c,2026-09-11T13:54:19
RiceCodeHistory/appctrl/AppControlW_tabs_icons_all_vscode.qml,taskbars-appcontrol,868744,5f05c45df46f68d98eadc367e9682401cfc856a50909eb4b85b4844ab09eda0f,2026-09-11T14:06:39
RiceCodeHistory/appctrl/AppControlW_tabs_live_libatspi_fix.qml,taskbars-appcontrol,811758,9bf71d8dc127cf63e9b662357db0487a05e725f7ef56dfec9e33a0e390774d5a,2026-09-11T12:31:40
RiceCodeHistory/appctrl/AppControlW_tabs_observability.qml,taskbars-appcontrol,845855,3e9a8bf71dd7eb01f78498411cb575e04d9d15b95548d50c11e59ec79f9f60dd,2026-09-11T13:25:19
RiceCodeHistory/appctrl/AppControlW_tabs_observability_fixed.qml,taskbars-appcontrol,845738,8f98cdfd7f3f013277d2af8a77ffd211d1c0c6f945a94384cee7d36aef478798,2026-09-11T13:27:14
RiceCodeHistory/appctrl/AppControlW_tabs_persistent_bridge_fix.qml,taskbars-appcontrol,785717,10d95bc23e8f308acacb0429fb3156002a13d2932cc9bf08e0bf2bd81445d6fc,2026-09-11T12:25:56
RiceCodeHistory/appctrl/AppControlW_tabs_runtime_enable_fix.qml,taskbars-appcontrol,779438,343ec7d60dcf4de86beaeed69392f386f257f8330e50dda2fb7338556b9f0d48,2026-09-11T12:18:31
RiceCodeHistory/appctrl/AppControlW_tabs_toolbox_app_and_run.qml,taskbars-appcontrol,454907,d1c0d0695e43adfcbb6476a7f6d445a441bb329513332ff393e5bce1bf065852,2026-09-11T06:40:58
RiceCodeHistory/appctrl/AppControlW_tabs_working_audio_green.qml,taskbars-appcontrol,764790,1c2c88a247d8f156d5faaecae096d27157395338289e80ca8f317cc8f1472555,2026-09-11T12:08:42
RiceCodeHistory/appctrl/AppControlW_task_graph_fix_app_kill.qml,taskbars-appcontrol,532162,f44269fb364c96ade0c40d7b7bb6272b39bae226e6358a654f179a319b7e5345,2026-09-11T07:23:46
RiceCodeHistory/appctrl/AppControlW_task_manager_full_glow.qml,taskbars-appcontrol,538605,67953e74b8d1dd28f55ced0aca42fac1e2127a0b36bc181e78e7e8211ca687a4,2026-09-11T07:27:14
RiceCodeHistory/appctrl/AppControlW_taskglow_audio_toggle_icons.qml,taskbars-appcontrol,965438,178817c1bf3b7a5d9495264158734159948a418d85404f1c4a1df4068eec54ac,2026-09-12T06:45:37
RiceCodeHistory/appctrl/AppControlW_taskgraph_hidden_favorites_scrollfix_final.qml,taskbars-appcontrol,726648,95d1f98a729cddc58e285ad448ca64d706eb89ed8b4b193f5289f4bf337b9ccf,2026-09-11T10:58:35
RiceCodeHistory/appctrl/AppControlW_taskgraphs_fan_slider_favorite_filters.qml,taskbars-appcontrol,840592,b431e2dfdb01fbd466b3f605dd4b52fade651b42cff9956ac45ecd507959c4f4,2026-09-11T13:13:26
RiceCodeHistory/appctrl/AppControlW_text_glow_header_contrast.qml,taskbars-appcontrol,106057,8d1446d97c59fea2562a2ff99ea635d12234347ac284dc897dfc2c245aba2ccb,2026-09-10T20:17:12
RiceCodeHistory/appctrl/AppControlW_thermal_bright_header_unified.qml,taskbars-appcontrol,1102618,8266032fb7102a4ada2314f448ce513d94516378fc8bc871ae29e2848b5bcf95,2026-09-12T11:36:42
RiceCodeHistory/appctrl/AppControlW_thermal_favgraph_psfix.qml,taskbars-appcontrol,937960,dd01f9a073c18429eb6e20dcafe22a2c302e4595e95d3d5f10109ced773c720b,2026-09-11T23:47:55
RiceCodeHistory/appctrl/AppControlW_thermal_glow_icons_spacing.qml,taskbars-appcontrol,1048550,92242b600a2496d0d0c5219a66bad31d5574c36d0aeba28d88087e708a53ec25,2026-09-12T08:58:42
RiceCodeHistory/appctrl/AppControlW_thermal_header_icon_repair.qml,taskbars-appcontrol,1104047,274baf8843c29a30d4b7a8d22815d3b91eb5f600922fd674d31991562e30a5c0,2026-09-12T11:47:36
RiceCodeHistory/appctrl/AppControlW_thermal_icon_glow_header_scroll_refine.qml,taskbars-appcontrol,1108708,163fe0707d409b2c161973bfde52e6017ae594c0c41e90c98537a293ed716844,2026-09-12T12:00:26
RiceCodeHistory/appctrl/AppControlW_thermal_icons_favglow_mute_toggle.qml,taskbars-appcontrol,1056982,516a35aca5b0a77cee524123bff361cd68f173d4cd04380baa8f9edb470844f3,2026-09-12T09:15:37
RiceCodeHistory/appctrl/AppControlW_thermal_opaque_headerfit.qml,taskbars-appcontrol,1098667,d92c6682995fd5d30990db77f149cf287f46abcdfcb273953c41137ee7cb582b,2026-09-12T11:26:45
RiceCodeHistory/appctrl/AppControlW_thermal_scanline_glow_submode_lower.qml,taskbars-appcontrol,1108837,aaa309c95de25c9329bde262aaa216c0ed6d0271ca9d9d6d7104bd43b087e97a,2026-09-12T12:05:58
RiceCodeHistory/appctrl/AppControlW_thermal_spacing_fan_lower.qml,taskbars-appcontrol,1067339,b29656b70725c6ef613803e6261cfa898160f6370735a159538c0823d9ef122c,2026-09-12T10:25:30
RiceCodeHistory/appctrl/AppControlW_thermal_system_main_modes.qml,taskbars-appcontrol,595225,8688a7e9941e7d1285c733db3c984e7298508de237fd1c34ea4c39ded26b22c7,2026-09-11T07:57:30
RiceCodeHistory/appctrl/AppControlW_toolbox_green_bottles_magenta_modes.qml,taskbars-appcontrol,458717,585ef954208780131d27feea34cdfea6b2a40d49aa89b4aefca77260f3e4e003,2026-09-11T06:47:32
RiceCodeHistory/appctrl/AppControlW_toolbox_green_tab_provider_launch_fix.qml,taskbars-appcontrol,485452,6447029ae882e6217477c91a69fbfff1bdf352f24ece0650ba05ad06213c8b02,2026-09-11T07:09:43
RiceCodeHistory/appctrl/AppControlW_toolbox_green_tab_provider_launch_fix_syntax.qml,taskbars-appcontrol,485450,78fc38ee1cdc138e76047713e814433962ae8def61a085970afaa055f568715a,2026-09-11T07:11:22
RiceCodeHistory/appctrl/AppControlW_top_left_095.qml,taskbars-appcontrol,95880,c6ae50d86e130dbf23f1fe7e93ecfb94aa63cc310ff61948a4e62e1783eea7af,2026-09-10T17:09:42
RiceCodeHistory/appctrl/AppControlW_top_left_closer.qml,taskbars-appcontrol,95880,f2f0a51dde5f4eefe61624241badbca597e01829b4a254130e10a880d81029ba,2026-09-10T17:11:07
RiceCodeHistory/appctrl/AppControlW_top_right_095.qml,taskbars-appcontrol,95882,3edcf10b7f304ffb0cb2cc37071c2487bf64768d27f28f517932861a867ecfd3,2026-09-10T17:08:37
RiceCodeHistory/appctrl/AppControlW_updated.qml,taskbars-appcontrol,21413,ee140c92ff2ca27ca50bea8dae4bf1e8fe973cd25890d269090f8485cfe4844e,2026-09-10T12:04:40
RiceCodeHistory/appctrl/AppControlW_visible_name_glow_actions_match.qml,taskbars-appcontrol,107359,869bd542d180e525e21c1fe15eacc73be9b1576c28ae59f53a4a4c6165cebeb7,2026-09-10T20:26:33
RiceCodeHistory/appctrl/AppControlW_visual_actions_graphfix.qml,taskbars-appcontrol,933964,c673be929a4871e682c30588c64b72e80729abb3bbfdc463d00afe0074613339,2026-09-11T23:16:51
RiceCodeHistory/appctrl/AppControlW_visual_polish.qml,taskbars-appcontrol,53186,a9fbf12d2f99248bae19ba42c33f3df74d90ba68c98a761b44ce8e7c5bdebb2d,2026-09-10T13:38:44
RiceCodeHistory/appctrl/AppControlW_window_icon_focus_mute_rebalance.qml,taskbars-appcontrol,341390,736538c7e65e27f3f1fd6778655560fd0a86d192d794f20f090f0d024dca292e,2026-09-11T05:03:59
RiceCodeHistory/appctrl/AppControlW_windowaudio_tabstable_workspace.qml,taskbars-appcontrol,1045817,354f92af79a10f5f0b91f999191a62fa3674470735fab7c83da4b0fdc7bc74bf,2026-09-12T08:44:50
RiceCodeHistory/appctrl/AppControlW_windows_flatpak_bottles_modes.qml,taskbars-appcontrol,361542,1f99e7943a87e29d86e7a90e904891302820541e01f95bebf8b2011c8a811444,2026-09-11T05:31:57
RiceCodeHistory/appctrl/AppControlW_windows_flatpak_bottles_modes_fixed.qml,taskbars-appcontrol,361429,0eb875f7a55957b11aa9377dbed0562ecc976b64a06308102c33fc24e9b56d32,2026-09-11T05:34:14
RiceCodeHistory/appctrl/AppControlW_windows_icons_ctrlleft_audio_faces.qml,taskbars-appcontrol,332388,2250916a7d43b013d4181f823cb513bb275bb0698b305ed4e2537ba8bfc90a48,2026-09-11T04:46:32
RiceCodeHistory/appctrl/AppControlW_windows_mode_actions_audio.qml,taskbars-appcontrol,310403,a85e59bc6ddcea36b7533d0392dc7ad1d3914b1d937cdfe2bde4bd2763f5e9aa,2026-09-11T03:45:23
RiceCodeHistory/appctrl/AppControlW_windows_mode_phase1.qml,taskbars-appcontrol,270300,eacf69af91773aecd5622f11a0afd8b55654a20a4913fb31b5b64fdddd20c0a5,2026-09-11T03:27:54
RiceCodeHistory/appctrl/AppControlW_windows_mute_future_audio_divider.qml,taskbars-appcontrol,317303,fdd70e3b566900de3b50a4b448eb214cc8bc06a9a4d33eacdd316cadcdab59ba,2026-09-11T03:55:30
RiceCodeHistory/appctrl/AppControlW_windows_names_hover_layout_fix.qml,taskbars-appcontrol,325329,05dfee6495fef49bfc841b967d61d6d063e08a6a0d4dcb6c089665922623b791,2026-09-11T04:30:04
RiceCodeHistory/appctrl/AppControlW_windows_state_layout_middle_selection.qml,taskbars-appcontrol,318150,eb45c14ff846cd0498aec93215241758ec606113bb986b182dbe4386836f80e2,2026-09-11T04:05:17
RiceCodeHistory/appctrl/AppControlW_windows_strikethrough.qml,taskbars-appcontrol,1068702,221e42d007318f88cc6e3f9c0e71ebd98e356ed1c1b87b2b367e592d2050195b,2026-09-12T10:38:32
RiceCodeHistory/appctrl/AppControlW_windows_subname_info_restore.qml,taskbars-appcontrol,326555,5c6031afb0c6076cb3078c98692c18b9b0d74c26698d6a1cd21cbb81477df1cd,2026-09-11T04:34:47
RiceCodeHistory/appctrl/AppSelector_appselector_fix.qml,taskbars-appcontrol,11517,22ebad8080d10acee6c1d8505dae744b3056a6548b4298cb8a1523d67cd13e93,2026-09-14T19:45:41
RiceCodeHistory/messanger/ChatFeed(1).qml,taskbars-messaging,19299,254de120a109a230eb594688a987f2afeb81c0316c1bef04c1adae13a1d2f70c,2026-09-15T07:35:45
RiceCodeHistory/messanger/ChatFeed(2).qml,taskbars-messaging,19374,0b997f1d4141daf1a63ef36092c6f5dbe86e7bc8f31be434ca9f3688960895b7,2026-09-15T07:56:53
RiceCodeHistory/messanger/ContactList (1).qml,taskbars-messaging,13038,2876307dcfd06ec48332fa0f09fa77448dfe5b13356d3bd0d047f1e1e5ea5567,2026-09-15T07:56:19
RiceCodeHistory/messanger/ContactList.qml,taskbars-messaging,13066,e1414766f55a345c5bca83534e4cb381fb89d6bee0991468255d207a54c38334,2026-09-15T07:35:07
RiceCodeHistory/messanger/DiscordBackingW.qml,taskbars-messaging,2382,cafca62d92907249fae5ab458a846ee7219de40e58db0eb3f3c8898bfdb972c7,2026-09-15T05:43:48
RiceCodeHistory/messanger/MessagingW (1).qml,taskbars-messaging,31075,1cf24692bd22f91be826a09ea3ece72b1265207cfdde79657862a069e40581fc,2026-09-15T07:34:02
RiceCodeHistory/messanger/MessagingW (2).qml,taskbars-messaging,38275,bb4d2d7ed39aaac20d3472d726463a426944981d732519fc1c692f921949cd06,2026-09-15T07:55:42
RiceCodeHistory/messanger/MessagingW (3).qml,taskbars-messaging,38602,ae5f07202b7c6768e317f4f5045142f9049ccdebcd63fe80d007b78bd7b3c816,2026-09-15T09:06:02
RiceCodeHistory/messanger/MessagingW (4).qml,taskbars-messaging,40455,0ae0b8fa48d452cf8f56f102d16bdf832ec0393a39eb963fc58cd56b17fda501,2026-09-15T09:30:31
RiceCodeHistory/messanger/MessagingW.qml,taskbars-messaging,27543,3f7c819e72214e96b4d0d4dfc64ebd8ed4a8a760e5d91131511d2b1804396543,2026-09-15T05:43:38
RiceCodeHistory/messanger/MessagingW_appselector_fix.qml,taskbars-messaging,17357,8d167f3fe8b6149764f0804dfbdf6a2c5fa61a4a49a25406ae14b84a02d57aeb,2026-09-14T19:45:08
RiceCodeHistory/messanger/MessagingW_discord_activation_fix.qml,taskbars-messaging,17609,b71c28300e33d38b21ee5b24b526541df47e5b9d80a3d702946a4fd322238f6d,2026-09-14T19:31:57
RiceCodeHistory/messanger/MessagingW_first_spawn_fixed.qml,taskbars-messaging,24765,770d3f7e54f852bcf44ca50df7d222b6ead7c44644e6115c8e511b39dd25de87,2026-09-15T00:19:06
RiceCodeHistory/messanger/MessagingW_first_spawn_fixed_v2.qml,taskbars-messaging,24824,48fa65252e8ed15e5e4636d6fa56708ea865bd7bbc4b22c163b0b7f503282458,2026-09-15T00:22:43
RiceCodeHistory/messanger/MessagingW_first_spawn_fixed_v3.qml,taskbars-messaging,25880,bc1a31889def20ace31bd841f1b6ff691ef9759ad400f97155c69bfe98027fc3,2026-09-15T00:25:04
RiceCodeHistory/messanger/MessagingW_first_spawn_fixed_v4.qml,taskbars-messaging,24724,bf61fecee03442629f7d239d2472ecec4cd81332694705f1f123cb623669c88b,2026-09-15T00:29:10
RiceCodeHistory/messanger/MessagingW_fixed_1px_inset.qml,taskbars-messaging,38650,7eec86f0986c0df5eab774866c1590cf59192b49f0d843814a8629c29d7db2d2,2026-09-15T08:33:13
RiceCodeHistory/messanger/MessagingW_fixed_v3.qml,taskbars-messaging,16724,774d623b602bfc197c82ddede18d64641763523db7e9fbc6492fb1d845b67207,2026-09-14T19:21:50
RiceCodeHistory/messanger/MessagingW_shell_position_fixed.qml,taskbars-messaging,22701,90c7ed8a881fe7e3d50661b36f23980ee0bd0700f7cd9bf44f08dd73f074df0c,2026-09-14T21:10:59
RiceCodeHistory/messanger/MessagingW_snap_escape.qml,taskbars-messaging,21261,e756756a08032f48c0374c9371ac3c73a93dbc4e6c381f013c2f56187adb6710,2026-09-14T19:52:24
RiceCodeHistory/messanger/MessagingW_snap_escape_fixed.qml,taskbars-messaging,21213,bbbe6524c5454361e28322769c6e4f40abac449c3f389b1cfd036b2d5b2bff6a,2026-09-14T20:05:44
RiceCodeHistory/messanger/MessagingW_snap_fixed.qml,taskbars-messaging,19676,14d1e3a1d36e7509dc371ad6510c28c8b3fab8fa8cb4768744727f7e86e3a617,2026-09-14T20:22:15
RiceCodeHistory/messanger/MessagingW_sway_workspace_snap.qml,taskbars-messaging,24131,e2d9c63594ef6af806b7075a216ba0064d064ca5753a5830724ffb8b65889ad1,2026-09-14T21:27:09
RiceCodeHistory/messanger/MessagingW_system_spawn.qml,taskbars-messaging,25062,e33fc64da7c0ad938f581c71cadc673b845653ce79c8d65c6798920ea1128793,2026-09-15T00:32:51
TV-history/post-apollo-tv.fast,post-apollo-tv,2787,553e2d43b7c1b477f3329653f191952cb4a353c650f1aec9f5519ba4d4db3784,2026-09-22T18:35:29
